seed,method,L_position,centralized_utility,utility,normalized_utility,selected_ues,used_local_reexecutions,total_triggered_local_reexecutions
0,Quantum-classical hybrid,1.0,652.4961800495726,471.84482236122744,72.3138060862486,36,0,0
0,Quantum-classical hybrid,1.5,652.4961800495726,623.9757968451743,95.62903445622754,50,0,0
0,O-RAN fixed-priority ConMit,1.0,652.4961800495726,467.1477626776531,71.59394598174691,36,0,6
0,O-RAN fixed-priority ConMit,1.5,652.4961800495726,570.2817820738588,87.40001849980676,45,0,6
0,O-RAN negotiation-based ConMit,1.0,652.4961800495726,467.1477626776531,71.59394598174691,36,0,6
0,O-RAN negotiation-based ConMit,2.0,652.4961800495726,584.2107756428015,89.53474265526226,46,1,6
0,O-RAN negotiation-based ConMit,3.0,652.4961800495726,604.4419301456975,92.63532088414307,48,2,6
0,O-RAN negotiation-based ConMit,4.0,652.4961800495726,604.4419301456975,92.63532088414307,48,3,6
0,O-RAN negotiation-based ConMit,5.0,652.4961800495726,616.1435481434161,94.4286828003507,49,4,6
0,O-RAN negotiation-based ConMit,6.0,652.4961800495726,628.0587036851355,96.25477096853189,51,5,6
0,O-RAN negotiation-based ConMit,7.0,652.4961800495726,636.326387123582,97.52185630806879,52,6,6
0,O-RAN negotiation-based ConMit,8.0,652.4961800495726,636.326387123582,97.52185630806879,52,6,6
0,O-RAN negotiation-based ConMit,9.0,652.4961800495726,636.326387123582,97.52185630806879,52,6,6
1,Quantum-classical hybrid,1.0,716.6843729627897,502.40910084782956,70.10186349827313,35,0,0
1,Quantum-classical hybrid,1.5,716.6843729627897,716.4655347397406,99.96946518840026,51,0,0
1,O-RAN fixed-priority ConMit,1.0,716.6843729627897,473.43825026965794,66.05951910357042,32,0,7
1,O-RAN fixed-priority ConMit,1.5,716.6843729627897,604.1933157030869,84.30396119917306,41,0,7
1,O-RAN negotiation-based ConMit,1.0,716.6843729627897,473.43825026965794,66.05951910357042,32,0,7
1,O-RAN negotiation-based ConMit,2.0,716.6843729627897,629.4730960842146,87.8312852674544,43,1,7
1,O-RAN negotiation-based ConMit,3.0,716.6843729627897,644.9211783610323,89.98677837705786,44,2,7
1,O-RAN negotiation-based ConMit,4.0,716.6843729627897,653.4566958411934,91.17775139142331,44,3,7
1,O-RAN negotiation-based ConMit,5.0,716.6843729627897,668.1237727834142,93.22426970485978,45,4,7
1,O-RAN negotiation-based ConMit,6.0,716.6843729627897,668.1237727834142,93.22426970485978,45,5,7
1,O-RAN negotiation-based ConMit,7.0,716.6843729627897,686.8197125434989,95.83294103430363,47,6,7
1,O-RAN negotiation-based ConMit,8.0,716.6843729627897,694.0742514786461,96.84517727229453,48,7,7
1,O-RAN negotiation-based ConMit,9.0,716.6843729627897,694.0742514786461,96.84517727229453,48,7,7
2,Quantum-classical hybrid,1.0,657.3899439137127,551.9720554916914,83.96417690930511,41,0,0
2,Quantum-classical hybrid,1.5,657.3899439137127,657.3899439137127,100.00000000000001,51,0,0
2,O-RAN fixed-priority ConMit,1.0,657.3899439137127,549.296248273906,83.55714190024257,40,0,5
2,O-RAN fixed-priority ConMit,1.5,657.3899439137127,609.7350787973469,92.75089837355029,45,0,5
2,O-RAN negotiation-based ConMit,1.0,657.3899439137127,549.296248273906,83.55714190024257,40,0,5
2,O-RAN negotiation-based ConMit,2.0,657.3899439137127,614.8902447870149,93.5350852990419,46,1,5
2,O-RAN negotiation-based ConMit,3.0,657.3899439137127,619.4556212851339,94.2295553834091,47,2,5
2,O-RAN negotiation-based ConMit,4.0,657.3899439137127,624.5358157258777,95.00233788301645,48,3,5
2,O-RAN negotiation-based ConMit,5.0,657.3899439137127,646.0082303750702,98.26865110365357,50,4,5
2,O-RAN negotiation-based ConMit,6.0,657.3899439137127,654.2013548572245,99.5149623011412,51,5,5
2,O-RAN negotiation-based ConMit,7.0,657.3899439137127,654.2013548572245,99.5149623011412,51,5,5
2,O-RAN negotiation-based ConMit,8.0,657.3899439137127,654.2013548572245,99.5149623011412,51,5,5
2,O-RAN negotiation-based ConMit,9.0,657.3899439137127,654.2013548572245,99.5149623011412,51,5,5
3,Quantum-classical hybrid,1.0,695.9050340974256,502.33051130481584,72.1837731719139,40,0,0
3,Quantum-classical hybrid,1.5,695.9050340974256,693.1129856264595,99.59878886713508,53,0,0
3,O-RAN fixed-priority ConMit,1.0,695.9050340974256,471.9672227841929,67.82063638845847,36,0,6
3,O-RAN fixed-priority ConMit,1.5,695.9050340974256,584.4942794345682,83.99052324612727,44,0,6
3,O-RAN negotiation-based ConMit,1.0,695.9050340974256,471.9672227841929,67.82063638845847,36,0,6
3,O-RAN negotiation-based ConMit,2.0,695.9050340974256,601.3056565378158,86.4062806094939,45,1,6
3,O-RAN negotiation-based ConMit,3.0,695.9050340974256,607.1488493213992,87.24593436931501,45,2,6
3,O-RAN negotiation-based ConMit,4.0,695.9050340974256,634.9025782374684,91.23408326265722,48,3,6
3,O-RAN negotiation-based ConMit,5.0,695.9050340974256,634.9025782374684,91.23408326265722,48,4,6
3,O-RAN negotiation-based ConMit,6.0,695.9050340974256,634.9025782374684,91.23408326265722,48,5,6
3,O-RAN negotiation-based ConMit,7.0,695.9050340974256,660.1594909665907,94.86344524333033,50,6,6
3,O-RAN negotiation-based ConMit,8.0,695.9050340974256,660.1594909665907,94.86344524333033,50,6,6
3,O-RAN negotiation-based ConMit,9.0,695.9050340974256,660.1594909665907,94.86344524333033,50,6,6
4,Quantum-classical hybrid,1.0,734.7220913394568,559.2950536568143,76.12334789568868,40,0,0
4,Quantum-classical hybrid,1.5,734.7220913394568,733.4602858024471,99.82826084149595,55,0,0
4,O-RAN fixed-priority ConMit,1.0,734.7220913394568,558.0326943753453,75.9515333693053,40,0,5
4,O-RAN fixed-priority ConMit,1.5,734.7220913394568,654.3113218998969,89.05562111342472,47,0,5
4,O-RAN negotiation-based ConMit,1.0,734.7220913394568,558.0326943753453,75.9515333693053,40,0,5
4,O-RAN negotiation-based ConMit,2.0,734.7220913394568,663.01260259999,90.23991661816855,47,1,5
4,O-RAN negotiation-based ConMit,3.0,734.7220913394568,677.631645350134,92.2296543601619,48,2,5
4,O-RAN negotiation-based ConMit,4.0,734.7220913394568,698.4069017846964,95.05728900997724,50,3,5
4,O-RAN negotiation-based ConMit,5.0,734.7220913394568,708.7372632683941,96.46331199546617,51,4,5
4,O-RAN negotiation-based ConMit,6.0,734.7220913394568,723.1610231254302,98.42647058659284,52,5,5
4,O-RAN negotiation-based ConMit,7.0,734.7220913394568,723.1610231254302,98.42647058659284,52,5,5
4,O-RAN negotiation-based ConMit,8.0,734.7220913394568,723.1610231254302,98.42647058659284,52,5,5
4,O-RAN negotiation-based ConMit,9.0,734.7220913394568,723.1610231254302,98.42647058659284,52,5,5
5,Quantum-classical hybrid,1.0,692.1425067292166,407.3714279061261,58.856582848985454,29,0,0
5,Quantum-classical hybrid,1.5,692.1425067292166,674.7036744395243,97.48045639154556,45,0,0
5,O-RAN fixed-priority ConMit,1.0,692.1425067292166,406.5056110358106,58.731490564969114,29,0,6
5,O-RAN fixed-priority ConMit,1.5,692.1425067292166,564.6346287626814,81.57779984224845,37,0,6
5,O-RAN negotiation-based ConMit,1.0,692.1425067292166,406.5056110358106,58.731490564969114,29,0,6
5,O-RAN negotiation-based ConMit,2.0,692.1425067292166,581.1692813104319,83.96670854052888,38,1,6
5,O-RAN negotiation-based ConMit,3.0,692.1425067292166,581.1692813104319,83.96670854052888,38,2,6
5,O-RAN negotiation-based ConMit,4.0,692.1425067292166,594.6473075060658,85.9139991728187,39,3,6
5,O-RAN negotiation-based ConMit,5.0,692.1425067292166,627.8374495382687,90.70927495916595,41,4,6
5,O-RAN negotiation-based ConMit,6.0,692.1425067292166,633.7401568443701,91.56209171997942,42,5,6
5,O-RAN negotiation-based ConMit,7.0,692.1425067292166,659.9308252444371,95.34609113418004,45,6,6
5,O-RAN negotiation-based ConMit,8.0,692.1425067292166,659.9308252444371,95.34609113418004,45,6,6
5,O-RAN negotiation-based ConMit,9.0,692.1425067292166,659.9308252444371,95.34609113418004,45,6,6
6,Quantum-classical hybrid,1.0,701.9604277662256,630.199950915191,89.7771335801093,43,0,0
6,Quantum-classical hybrid,1.5,701.9604277662256,701.7939308651878,99.97628115568173,49,0,0
6,O-RAN fixed-priority ConMit,1.0,701.9604277662256,582.0611296424742,82.91936505519345,38,0,4
6,O-RAN fixed-priority ConMit,1.5,701.9604277662256,642.782585702256,91.56963274236341,44,0,4
6,O-RAN negotiation-based ConMit,1.0,701.9604277662256,582.0611296424742,82.91936505519345,38,0,4
6,O-RAN negotiation-based ConMit,2.0,701.9604277662256,647.7579689639488,92.27841675138875,45,1,4
6,O-RAN negotiation-based ConMit,3.0,701.9604277662256,653.2501950102403,93.06082923919362,45,2,4
6,O-RAN negotiation-based ConMit,4.0,701.9604277662256,669.3915664138531,95.36029951773594,47,3,4
6,O-RAN negotiation-based ConMit,5.0,701.9604277662256,683.8048179315982,97.41358499475504,48,4,4
6,O-RAN negotiation-based ConMit,6.0,701.9604277662256,683.8048179315982,97.41358499475504,48,4,4
6,O-RAN negotiation-based ConMit,7.0,701.9604277662256,683.8048179315982,97.41358499475504,48,4,4
6,O-RAN negotiation-based ConMit,8.0,701.9604277662256,683.8048179315982,97.41358499475504,48,4,4
6,O-RAN negotiation-based ConMit,9.0,701.9604277662256,683.8048179315982,97.41358499475504,48,4,4
7,Quantum-classical hybrid,1.0,721.0698504278502,545.5424678980485,75.65736767032324,39,0,0
7,Quantum-classical hybrid,1.5,721.0698504278502,721.0698504278502,100.0,53,0,0
7,O-RAN fixed-priority ConMit,1.0,721.0698504278502,572.7155527136725,79.42580769031586,42,0,6
7,O-RAN fixed-priority ConMit,1.5,721.0698504278502,650.2671789429297,90.18088588187271,48,0,6
7,O-RAN negotiation-based ConMit,1.0,721.0698504278502,572.7155527136725,79.42580769031586,42,0,6
7,O-RAN negotiation-based ConMit,2.0,721.0698504278502,666.4683857184514,92.42771491874181,49,1,6
7,O-RAN negotiation-based ConMit,3.0,721.0698504278502,666.4683857184514,92.42771491874181,49,2,6
7,O-RAN negotiation-based ConMit,4.0,721.0698504278502,678.2069046678753,94.05564582480574,50,3,6
7,O-RAN negotiation-based ConMit,5.0,721.0698504278502,682.7992268779499,94.6925220175005,51,4,6
7,O-RAN negotiation-based ConMit,6.0,721.0698504278502,682.7992268779499,94.6925220175005,51,5,6
7,O-RAN negotiation-based ConMit,7.0,721.0698504278502,691.9882795090372,95.96688574601237,53,6,6
7,O-RAN negotiation-based ConMit,8.0,721.0698504278502,691.9882795090372,95.96688574601237,53,6,6
7,O-RAN negotiation-based ConMit,9.0,721.0698504278502,691.9882795090372,95.96688574601237,53,6,6
8,Quantum-classical hybrid,1.0,654.2082171061822,417.5631002804174,63.82724786421388,33,0,0
8,Quantum-classical hybrid,1.5,654.2082171061822,576.1735421778716,88.0718901279644,45,0,0
8,O-RAN fixed-priority ConMit,1.0,654.2082171061822,438.75060047882874,67.06589568984528,35,0,7
8,O-RAN fixed-priority ConMit,1.5,654.2082171061822,552.1149908134477,84.39438337471016,43,0,7
8,O-RAN negotiation-based ConMit,1.0,654.2082171061822,438.75060047882874,67.06589568984528,35,0,7
8,O-RAN negotiation-based ConMit,2.0,654.2082171061822,570.8490771603567,87.25801086471286,45,1,7
8,O-RAN negotiation-based ConMit,3.0,654.2082171061822,570.8490771603567,87.25801086471286,45,2,7
8,O-RAN negotiation-based ConMit,4.0,654.2082171061822,570.8490771603567,87.25801086471286,45,3,7
8,O-RAN negotiation-based ConMit,5.0,654.2082171061822,574.7152698729594,87.84898367910279,45,4,7
8,O-RAN negotiation-based ConMit,6.0,654.2082171061822,585.6594154457365,89.52186782922664,47,5,7
8,O-RAN negotiation-based ConMit,7.0,654.2082171061822,606.3095566692259,92.67837682491505,49,6,7
8,O-RAN negotiation-based ConMit,8.0,654.2082171061822,624.2229630352131,95.41655801823987,50,7,7
8,O-RAN negotiation-based ConMit,9.0,654.2082171061822,624.2229630352131,95.41655801823987,50,7,7
9,Quantum-classical hybrid,1.0,708.9277390553633,454.4052687317412,64.09754389597312,33,0,0
9,Quantum-classical hybrid,1.5,708.9277390553633,646.9455748293886,91.25691367239133,47,0,0
9,O-RAN fixed-priority ConMit,1.0,708.9277390553633,446.1091022985101,62.92730242054635,32,0,7
9,O-RAN fixed-priority ConMit,1.5,708.9277390553633,586.7869629754148,82.7710541778631,41,0,7
9,O-RAN negotiation-based ConMit,1.0,708.9277390553633,446.1091022985101,62.92730242054635,32,0,7
9,O-RAN negotiation-based ConMit,2.0,708.9277390553633,587.544670333674,82.87793493827304,41,1,7
9,O-RAN negotiation-based ConMit,3.0,708.9277390553633,597.512436518406,84.28396909882287,42,2,7
9,O-RAN negotiation-based ConMit,4.0,708.9277390553633,605.3688064931955,85.39217372137834,43,3,7
9,O-RAN negotiation-based ConMit,5.0,708.9277390553633,622.0197670817347,87.74092658732295,45,4,7
9,O-RAN negotiation-based ConMit,6.0,708.9277390553633,656.0837545228344,92.54592793858752,47,5,7
9,O-RAN negotiation-based ConMit,7.0,708.9277390553633,662.5131406950354,93.45284493703481,48,6,7
9,O-RAN negotiation-based ConMit,8.0,708.9277390553633,678.1032826246758,95.6519607383736,49,7,7
9,O-RAN negotiation-based ConMit,9.0,708.9277390553633,678.1032826246758,95.6519607383736,49,7,7
10,Quantum-classical hybrid,1.0,733.8658821829777,514.0732393056402,70.05002573174049,34,0,0
10,Quantum-classical hybrid,1.5,733.8658821829777,733.8658821829777,100.0,50,0,0
10,O-RAN fixed-priority ConMit,1.0,733.8658821829777,508.39830328136026,69.27673238726737,32,0,5
10,O-RAN fixed-priority ConMit,1.5,733.8658821829777,625.0277595811169,85.16920799232308,40,0,5
10,O-RAN negotiation-based ConMit,1.0,733.8658821829777,508.39830328136026,69.27673238726737,32,0,5
10,O-RAN negotiation-based ConMit,2.0,733.8658821829777,631.1231908765374,85.9997999905897,41,1,5
10,O-RAN negotiation-based ConMit,3.0,733.8658821829777,644.7202410659202,87.85259769102736,42,2,5
10,O-RAN negotiation-based ConMit,4.0,733.8658821829777,667.2444613031646,90.92185336622556,44,3,5
10,O-RAN negotiation-based ConMit,5.0,733.8658821829777,671.6315192749237,91.51965441928844,45,4,5
10,O-RAN negotiation-based ConMit,6.0,733.8658821829777,707.0390727763279,96.34445338610783,47,5,5
10,O-RAN negotiation-based ConMit,7.0,733.8658821829777,707.0390727763279,96.34445338610783,47,5,5
10,O-RAN negotiation-based ConMit,8.0,733.8658821829777,707.0390727763279,96.34445338610783,47,5,5
10,O-RAN negotiation-based ConMit,9.0,733.8658821829777,707.0390727763279,96.34445338610783,47,5,5
11,Quantum-classical hybrid,1.0,738.342530906647,513.6365389930538,69.56615899700839,37,0,0
11,Quantum-classical hybrid,1.5,738.342530906647,674.8278365512858,91.39766548767436,50,0,0
11,O-RAN fixed-priority ConMit,1.0,738.342530906647,478.21450481048976,64.76865205411731,34,0,6
11,O-RAN fixed-priority ConMit,1.5,738.342530906647,621.3940128174733,84.16066890450332,42,0,6
11,O-RAN negotiation-based ConMit,1.0,738.342530906647,478.21450481048976,64.76865205411731,34,0,6
11,O-RAN negotiation-based ConMit,2.0,738.342530906647,621.3940128174733,84.16066890450332,42,1,6
11,O-RAN negotiation-based ConMit,3.0,738.342530906647,623.1769614391723,84.40214877963791,43,2,6
11,O-RAN negotiation-based ConMit,4.0,738.342530906647,643.6375717701105,87.17330301692853,44,3,6
11,O-RAN negotiation-based ConMit,5.0,738.342530906647,655.4761681486196,88.7767046744183,46,4,6
11,O-RAN negotiation-based ConMit,6.0,738.342530906647,667.7467183315532,90.43860950439823,47,5,6
11,O-RAN negotiation-based ConMit,7.0,738.342530906647,715.9360685420922,96.96530249489479,50,6,6
11,O-RAN negotiation-based ConMit,8.0,738.342530906647,715.9360685420922,96.96530249489479,50,6,6
11,O-RAN negotiation-based ConMit,9.0,738.342530906647,715.9360685420922,96.96530249489479,50,6,6
12,Quantum-classical hybrid,1.0,696.2706033546544,575.9844922104189,82.72422955030801,39,0,0
12,Quantum-classical hybrid,1.5,696.2706033546544,692.3285703687734,99.43383607366329,49,0,0
12,O-RAN fixed-priority ConMit,1.0,696.2706033546544,531.2881934876776,76.30484339392096,37,0,5
12,O-RAN fixed-priority ConMit,1.5,696.2706033546544,618.96512234219,88.89720740183428,43,0,5
12,O-RAN negotiation-based ConMit,1.0,696.2706033546544,531.2881934876776,76.30484339392096,37,0,5
12,O-RAN negotiation-based ConMit,2.0,696.2706033546544,633.973187699644,91.05270058008202,46,1,5
12,O-RAN negotiation-based ConMit,3.0,696.2706033546544,652.4023821572687,93.69954425965605,47,2,5
12,O-RAN negotiation-based ConMit,4.0,696.2706033546544,661.4309148466177,94.9962430784557,48,3,5
12,O-RAN negotiation-based ConMit,5.0,696.2706033546544,679.8705875852825,97.64459167307135,49,4,5
12,O-RAN negotiation-based ConMit,6.0,696.2706033546544,687.8360060459937,98.78860355901534,48,5,5
12,O-RAN negotiation-based ConMit,7.0,696.2706033546544,687.8360060459937,98.78860355901534,48,5,5
12,O-RAN negotiation-based ConMit,8.0,696.2706033546544,687.8360060459937,98.78860355901534,48,5,5
12,O-RAN negotiation-based ConMit,9.0,696.2706033546544,687.8360060459937,98.78860355901534,48,5,5
13,Quantum-classical hybrid,1.0,689.8765769954657,525.0834396446971,76.11266379437438,39,0,0
13,Quantum-classical hybrid,1.5,689.8765769954657,686.9055568057711,99.56934033002918,49,0,0
13,O-RAN fixed-priority ConMit,1.0,689.8765769954657,488.43924727618275,70.80096115212693,36,0,5
13,O-RAN fixed-priority ConMit,1.5,689.8765769954657,592.8271348309776,85.93234711821127,43,0,5
13,O-RAN negotiation-based ConMit,1.0,689.8765769954657,488.43924727618275,70.80096115212693,36,0,5
13,O-RAN negotiation-based ConMit,2.0,689.8765769954657,603.2354591119955,87.44106978369848,44,1,5
13,O-RAN negotiation-based ConMit,3.0,689.8765769954657,621.3941252595935,90.07323135478445,45,2,5
13,O-RAN negotiation-based ConMit,4.0,689.8765769954657,637.4211567386682,92.3964050953505,46,3,5
13,O-RAN negotiation-based ConMit,5.0,689.8765769954657,637.4211567386682,92.3964050953505,46,4,5
13,O-RAN negotiation-based ConMit,6.0,689.8765769954657,665.2394947059762,96.42876956385615,48,5,5
13,O-RAN negotiation-based ConMit,7.0,689.8765769954657,665.2394947059762,96.42876956385615,48,5,5
13,O-RAN negotiation-based ConMit,8.0,689.8765769954657,665.2394947059762,96.42876956385615,48,5,5
13,O-RAN negotiation-based ConMit,9.0,689.8765769954657,665.2394947059762,96.42876956385615,48,5,5
14,Quantum-classical hybrid,1.0,709.0138905576255,461.98831803975776,65.15927603003843,34,0,0
14,Quantum-classical hybrid,1.5,709.0138905576255,665.1885378452075,93.81883016735395,51,0,0
14,O-RAN fixed-priority ConMit,1.0,709.0138905576255,492.5890263546005,69.47522931704327,36,0,7
14,O-RAN fixed-priority ConMit,1.5,709.0138905576255,610.2183076673881,86.06577611440918,45,0,7
14,O-RAN negotiation-based ConMit,1.0,709.0138905576255,492.5890263546005,69.47522931704327,36,0,7
14,O-RAN negotiation-based ConMit,2.0,709.0138905576255,610.2183076673881,86.06577611440918,45,1,7
14,O-RAN negotiation-based ConMit,3.0,709.0138905576255,613.8497837824284,86.57796299303074,46,2,7
14,O-RAN negotiation-based ConMit,4.0,709.0138905576255,625.7060595722463,88.25018351617072,47,3,7
14,O-RAN negotiation-based ConMit,5.0,709.0138905576255,629.9863049218251,88.85387343065355,48,4,7
14,O-RAN negotiation-based ConMit,6.0,709.0138905576255,652.634890929376,92.04825175090596,50,5,7
14,O-RAN negotiation-based ConMit,7.0,709.0138905576255,661.9196554733293,93.35778385847173,51,6,7
14,O-RAN negotiation-based ConMit,8.0,709.0138905576255,696.8303092868364,98.2816159975079,55,7,7
14,O-RAN negotiation-based ConMit,9.0,709.0138905576255,696.8303092868364,98.2816159975079,55,7,7
15,Quantum-classical hybrid,1.0,717.784516389327,510.5890535331873,71.13403004311162,36,0,0
15,Quantum-classical hybrid,1.5,717.784516389327,651.5972596337868,90.77895172655965,43,0,0
15,O-RAN fixed-priority ConMit,1.0,717.784516389327,504.24654809341075,70.25040754987629,34,0,5
15,O-RAN fixed-priority ConMit,1.5,717.784516389327,623.5244559303344,86.867916720585,40,0,5
15,O-RAN negotiation-based ConMit,1.0,717.784516389327,504.24654809341075,70.25040754987629,34,0,5
15,O-RAN negotiation-based ConMit,2.0,717.784516389327,623.5244559303344,86.867916720585,40,1,5
15,O-RAN negotiation-based ConMit,3.0,717.784516389327,631.8041730686361,88.02142685478952,41,2,5
15,O-RAN negotiation-based ConMit,4.0,717.784516389327,653.534471332312,91.04883936752884,42,3,5
15,O-RAN negotiation-based ConMit,5.0,717.784516389327,672.9924022419248,93.7596711652795,45,4,5
15,O-RAN negotiation-based ConMit,6.0,717.784516389327,707.8393944151833,98.61446969848686,48,5,5
15,O-RAN negotiation-based ConMit,7.0,717.784516389327,707.8393944151833,98.61446969848686,48,5,5
15,O-RAN negotiation-based ConMit,8.0,717.784516389327,707.8393944151833,98.61446969848686,48,5,5
15,O-RAN negotiation-based ConMit,9.0,717.784516389327,707.8393944151833,98.61446969848686,48,5,5
16,Quantum-classical hybrid,1.0,696.517994083357,554.5070651827172,79.61130507654272,43,0,0
16,Quantum-classical hybrid,1.5,696.517994083357,691.4407999201337,99.27106058905125,53,0,0
16,O-RAN fixed-priority ConMit,1.0,696.517994083357,479.64934789021726,68.86388463250734,37,0,6
16,O-RAN fixed-priority ConMit,1.5,696.517994083357,594.5325139157721,85.35781113569054,46,0,6
16,O-RAN negotiation-based ConMit,1.0,696.517994083357,479.64934789021726,68.86388463250734,37,0,6
16,O-RAN negotiation-based ConMit,2.0,696.517994083357,598.6027214361501,85.9421761564011,47,1,6
16,O-RAN negotiation-based ConMit,3.0,696.517994083357,616.3340888010598,88.48789177545626,48,2,6
16,O-RAN negotiation-based ConMit,4.0,696.517994083357,618.3548134992236,88.77800986505754,48,3,6
16,O-RAN negotiation-based ConMit,5.0,696.517994083357,641.03092144265,92.0336483605524,49,4,6
16,O-RAN negotiation-based ConMit,6.0,696.517994083357,651.8384516376879,93.58529961534316,50,5,6
16,O-RAN negotiation-based ConMit,7.0,696.517994083357,677.109660983306,97.21352021556986,52,6,6
16,O-RAN negotiation-based ConMit,8.0,696.517994083357,677.109660983306,97.21352021556986,52,6,6
16,O-RAN negotiation-based ConMit,9.0,696.517994083357,677.109660983306,97.21352021556986,52,6,6
17,Quantum-classical hybrid,1.0,680.2750405904015,443.89661924340766,65.2525218120829,33,0,0
17,Quantum-classical hybrid,1.5,680.2750405904015,640.1556040543738,94.10246824560716,46,0,0
17,O-RAN fixed-priority ConMit,1.0,680.2750405904015,434.0937528333117,63.811506660095546,33,0,6
17,O-RAN fixed-priority ConMit,1.5,680.2750405904015,555.6340492652756,81.67785323757407,42,0,6
17,O-RAN negotiation-based ConMit,1.0,680.2750405904015,434.0937528333117,63.811506660095546,33,0,6
17,O-RAN negotiation-based ConMit,2.0,680.2750405904015,572.417342142517,84.14498665800288,43,1,6
17,O-RAN negotiation-based ConMit,3.0,680.2750405904015,572.417342142517,84.14498665800288,43,2,6
17,O-RAN negotiation-based ConMit,4.0,680.2750405904015,608.3065001674756,89.42067015122804,46,3,6
17,O-RAN negotiation-based ConMit,5.0,680.2750405904015,623.8916548136083,91.71167801072653,47,4,6
17,O-RAN negotiation-based ConMit,6.0,680.2750405904015,633.0364710213132,93.05596019984937,47,5,6
17,O-RAN negotiation-based ConMit,7.0,680.2750405904015,655.544270759849,96.36459250230774,49,6,6
17,O-RAN negotiation-based ConMit,8.0,680.2750405904015,655.544270759849,96.36459250230774,49,6,6
17,O-RAN negotiation-based ConMit,9.0,680.2750405904015,655.544270759849,96.36459250230774,49,6,6
18,Quantum-classical hybrid,1.0,683.4501833695285,562.9962661588924,82.37561125277962,42,0,0
18,Quantum-classical hybrid,1.5,683.4501833695285,675.7377534962819,98.87154469178382,54,0,0
18,O-RAN fixed-priority ConMit,1.0,683.4501833695285,531.375901565715,77.74903196981222,41,0,6
18,O-RAN fixed-priority ConMit,1.5,683.4501833695285,606.6816974190455,88.76750817857696,47,0,6
18,O-RAN negotiation-based ConMit,1.0,683.4501833695285,531.375901565715,77.74903196981222,41,0,6
18,O-RAN negotiation-based ConMit,2.0,683.4501833695285,606.6816974190455,88.76750817857696,47,1,6
18,O-RAN negotiation-based ConMit,3.0,683.4501833695285,612.5238705603055,89.62231417372017,48,2,6
18,O-RAN negotiation-based ConMit,4.0,683.4501833695285,616.6227531836145,90.22204810064676,49,3,6
18,O-RAN negotiation-based ConMit,5.0,683.4501833695285,649.6133441321583,95.04911403044056,51,4,6
18,O-RAN negotiation-based ConMit,6.0,683.4501833695285,657.3861445397936,96.1864025405283,52,5,6
18,O-RAN negotiation-based ConMit,7.0,683.4501833695285,669.9425402003232,98.02360969418278,53,6,6
18,O-RAN negotiation-based ConMit,8.0,683.4501833695285,669.9425402003232,98.02360969418278,53,6,6
18,O-RAN negotiation-based ConMit,9.0,683.4501833695285,669.9425402003232,98.02360969418278,53,6,6
19,Quantum-classical hybrid,1.0,709.9742956899012,547.6918313011453,77.1424873584949,38,0,0
19,Quantum-classical hybrid,1.5,709.9742956899012,671.9818107725619,94.64875205370345,45,0,0
19,O-RAN fixed-priority ConMit,1.0,709.9742956899012,509.5858762215623,71.77525712059533,36,0,5
19,O-RAN fixed-priority ConMit,1.5,709.9742956899012,608.9758999357324,85.774358822945,42,0,5
19,O-RAN negotiation-based ConMit,1.0,709.9742956899012,509.5858762215623,71.77525712059533,36,0,5
19,O-RAN negotiation-based ConMit,2.0,709.9742956899012,620.9650036380303,87.46302611344849,44,1,5
19,O-RAN negotiation-based ConMit,3.0,709.9742956899012,627.162377337628,88.33592725046438,44,2,5
19,O-RAN negotiation-based ConMit,4.0,709.9742956899012,644.096677256495,90.72112626705857,46,3,5
19,O-RAN negotiation-based ConMit,5.0,709.9742956899012,682.0891621738343,96.07237421335513,50,4,5
19,O-RAN negotiation-based ConMit,6.0,709.9742956899012,693.0603323272026,97.61766539079237,51,5,5
19,O-RAN negotiation-based ConMit,7.0,709.9742956899012,693.0603323272026,97.61766539079237,51,5,5
19,O-RAN negotiation-based ConMit,8.0,709.9742956899012,693.0603323272026,97.61766539079237,51,5,5
19,O-RAN negotiation-based ConMit,9.0,709.9742956899012,693.0603323272026,97.61766539079237,51,5,5
20,Quantum-classical hybrid,1.0,736.3778809854147,502.45490677613685,68.23329702730288,35,0,0
20,Quantum-classical hybrid,1.5,736.3778809854147,719.9906103349504,97.77461123241032,50,0,0
20,O-RAN fixed-priority ConMit,1.0,736.3778809854147,495.33198402346477,67.26600524184889,34,0,7
20,O-RAN fixed-priority ConMit,1.5,736.3778809854147,631.3642736025182,85.739168693882,43,0,7
20,O-RAN negotiation-based ConMit,1.0,736.3778809854147,495.33198402346477,67.26600524184889,34,0,7
20,O-RAN negotiation-based ConMit,2.0,736.3778809854147,635.4612465749102,86.29553697682246,44,1,7
20,O-RAN negotiation-based ConMit,3.0,736.3778809854147,648.6400601829693,88.08521778451093,45,2,7
20,O-RAN negotiation-based ConMit,4.0,736.3778809854147,659.862326563502,89.60919978754383,47,3,7
20,O-RAN negotiation-based ConMit,5.0,736.3778809854147,675.5003391525058,91.73283942865814,48,4,7
20,O-RAN negotiation-based ConMit,6.0,736.3778809854147,689.5098967454335,93.6353351383582,49,5,7
20,O-RAN negotiation-based ConMit,7.0,736.3778809854147,708.3974437937745,96.20026104610898,50,6,7
20,O-RAN negotiation-based ConMit,8.0,736.3778809854147,716.3445733348157,97.27947998332179,51,7,7
20,O-RAN negotiation-based ConMit,9.0,736.3778809854147,716.3445733348157,97.27947998332179,51,7,7
21,Quantum-classical hybrid,1.0,719.8628234312438,495.47635912410675,68.82927455017145,40,0,0
21,Quantum-classical hybrid,1.5,719.8628234312438,694.722389909901,96.50760774094289,53,0,0
21,O-RAN fixed-priority ConMit,1.0,719.8628234312438,490.9765833169468,68.2041865944257,38,0,7
21,O-RAN fixed-priority ConMit,1.5,719.8628234312438,614.4557734868654,85.35734218889745,46,0,7
21,O-RAN negotiation-based ConMit,1.0,719.8628234312438,490.9765833169468,68.2041865944257,38,0,7
21,O-RAN negotiation-based ConMit,2.0,719.8628234312438,614.4557734868654,85.35734218889745,46,1,7
21,O-RAN negotiation-based ConMit,3.0,719.8628234312438,633.4606546031187,87.9974120046529,47,2,7
21,O-RAN negotiation-based ConMit,4.0,719.8628234312438,640.9418549118677,89.03666560481658,47,3,7
21,O-RAN negotiation-based ConMit,5.0,719.8628234312438,661.5129598077456,91.89430795364983,49,4,7
21,O-RAN negotiation-based ConMit,6.0,719.8628234312438,669.7644089273685,93.04056094116932,50,5,7
21,O-RAN negotiation-based ConMit,7.0,719.8628234312438,679.5645762416805,94.40195466721275,50,6,7
21,O-RAN negotiation-based ConMit,8.0,719.8628234312438,699.708739467125,97.20028826213668,52,7,7
21,O-RAN negotiation-based ConMit,9.0,719.8628234312438,699.708739467125,97.20028826213668,52,7,7
22,Quantum-classical hybrid,1.0,734.1387602805175,482.40441831049037,65.71025048809051,30,0,0
22,Quantum-classical hybrid,1.5,734.1387602805175,730.9551615871738,99.56634918824783,44,0,0
22,O-RAN fixed-priority ConMit,1.0,734.1387602805175,519.439837356665,70.75499421365312,31,0,5
22,O-RAN fixed-priority ConMit,1.5,734.1387602805175,639.4704830980081,87.1048523379509,37,0,5
22,O-RAN negotiation-based ConMit,1.0,734.1387602805175,519.439837356665,70.75499421365312,31,0,5
22,O-RAN negotiation-based ConMit,2.0,734.1387602805175,647.0102259551778,88.13187110675814,38,1,5
22,O-RAN negotiation-based ConMit,3.0,734.1387602805175,666.1894572388004,90.7443515152703,40,2,5
22,O-RAN negotiation-based ConMit,4.0,734.1387602805175,696.5817797016792,94.88421227555297,42,3,5
22,O-RAN negotiation-based ConMit,5.0,734.1387602805175,709.6651852936259,96.66635569309264,43,4,5
22,O-RAN negotiation-based ConMit,6.0,734.1387602805175,718.8881873480489,97.92265798271686,43,5,5
22,O-RAN negotiation-based ConMit,7.0,734.1387602805175,718.8881873480489,97.92265798271686,43,5,5
22,O-RAN negotiation-based ConMit,8.0,734.1387602805175,718.8881873480489,97.92265798271686,43,5,5
22,O-RAN negotiation-based ConMit,9.0,734.1387602805175,718.8881873480489,97.92265798271686,43,5,5
23,Quantum-classical hybrid,1.0,715.1431649239848,567.7111663245535,79.38426795771692,35,0,0
23,Quantum-classical hybrid,1.5,715.1431649239848,715.1431649239848,100.0,45,0,0
23,O-RAN fixed-priority ConMit,1.0,715.1431649239848,563.4906826398933,78.79410868728483,35,0,5
23,O-RAN fixed-priority ConMit,1.5,715.1431649239848,649.1666676544671,90.77436511939108,41,0,5
23,O-RAN negotiation-based ConMit,1.0,715.1431649239848,563.4906826398933,78.79410868728483,35,0,5
23,O-RAN negotiation-based ConMit,2.0,715.1431649239848,657.2468470500346,91.90423390537414,41,1,5
23,O-RAN negotiation-based ConMit,3.0,715.1431649239848,672.9736023134303,94.10333976763424,43,2,5
23,O-RAN negotiation-based ConMit,4.0,715.1431649239848,692.8697100028188,96.88545510694581,44,3,5
23,O-RAN negotiation-based ConMit,5.0,715.1431649239848,700.7941230194803,97.99354274664294,44,4,5
23,O-RAN negotiation-based ConMit,6.0,715.1431649239848,711.2788217706527,99.45964062262374,44,5,5
23,O-RAN negotiation-based ConMit,7.0,715.1431649239848,711.2788217706527,99.45964062262374,44,5,5
23,O-RAN negotiation-based ConMit,8.0,715.1431649239848,711.2788217706527,99.45964062262374,44,5,5
23,O-RAN negotiation-based ConMit,9.0,715.1431649239848,711.2788217706527,99.45964062262374,44,5,5
24,Quantum-classical hybrid,1.0,674.9620433985319,516.3151858653273,76.4954401384714,38,0,0
24,Quantum-classical hybrid,1.5,674.9620433985319,628.4032819568703,93.10201782499776,46,0,0
24,O-RAN fixed-priority ConMit,1.0,674.9620433985319,481.44881468159383,71.3297613384938,38,0,5
24,O-RAN fixed-priority ConMit,1.5,674.9620433985319,590.8158155833945,87.53319114191237,45,0,5
24,O-RAN negotiation-based ConMit,1.0,674.9620433985319,481.44881468159383,71.3297613384938,38,0,5
24,O-RAN negotiation-based ConMit,2.0,674.9620433985319,595.0316572023193,88.15779539338959,46,1,5
24,O-RAN negotiation-based ConMit,3.0,674.9620433985319,602.0361159342258,89.19555133839623,47,2,5
24,O-RAN negotiation-based ConMit,4.0,674.9620433985319,636.6362543651715,94.32178603105079,50,3,5
24,O-RAN negotiation-based ConMit,5.0,674.9620433985319,643.4624730314042,95.33313455545992,50,4,5
24,O-RAN negotiation-based ConMit,6.0,674.9620433985319,653.2344718894097,96.78091950182551,52,5,5
24,O-RAN negotiation-based ConMit,7.0,674.9620433985319,653.2344718894097,96.78091950182551,52,5,5
24,O-RAN negotiation-based ConMit,8.0,674.9620433985319,653.2344718894097,96.78091950182551,52,5,5
24,O-RAN negotiation-based ConMit,9.0,674.9620433985319,653.2344718894097,96.78091950182551,52,5,5
25,Quantum-classical hybrid,1.0,709.4139014057274,521.3865029689975,73.49538850815479,39,0,0
25,Quantum-classical hybrid,1.5,709.4139014057274,708.7716370424433,99.90946549510639,54,0,0
25,O-RAN fixed-priority ConMit,1.0,709.4139014057274,441.9061204154348,62.291719902835716,32,0,7
25,O-RAN fixed-priority ConMit,1.5,709.4139014057274,573.3089261865949,80.81444768005872,41,0,7
25,O-RAN negotiation-based ConMit,1.0,709.4139014057274,441.9061204154348,62.291719902835716,32,0,7
25,O-RAN negotiation-based ConMit,2.0,709.4139014057274,576.8832794090076,81.31829363167174,42,1,7
25,O-RAN negotiation-based ConMit,3.0,709.4139014057274,594.6937155363765,83.82887822721983,43,2,7
25,O-RAN negotiation-based ConMit,4.0,709.4139014057274,594.6937155363765,83.82887822721983,43,3,7
25,O-RAN negotiation-based ConMit,5.0,709.4139014057274,618.5760646901309,87.19536838288646,45,4,7
25,O-RAN negotiation-based ConMit,6.0,709.4139014057274,641.9982550913005,90.49699390146704,47,5,7
25,O-RAN negotiation-based ConMit,7.0,709.4139014057274,672.1114688980754,94.74179566629073,49,6,7
25,O-RAN negotiation-based ConMit,8.0,709.4139014057274,672.1114688980754,94.74179566629073,49,7,7
25,O-RAN negotiation-based ConMit,9.0,709.4139014057274,672.1114688980754,94.74179566629073,49,7,7
26,Quantum-classical hybrid,1.0,716.2830711973374,497.08603004957246,69.39798663936652,35,0,0
26,Quantum-classical hybrid,1.5,716.2830711973374,716.2830711973374,100.0,52,0,0
26,O-RAN fixed-priority ConMit,1.0,716.2830711973374,503.174205506853,70.24795443870367,36,0,4
26,O-RAN fixed-priority ConMit,1.5,716.2830711973374,608.1237275838807,84.89991625340835,43,0,4
26,O-RAN negotiation-based ConMit,1.0,716.2830711973374,503.174205506853,70.24795443870367,36,0,4
26,O-RAN negotiation-based ConMit,2.0,716.2830711973374,625.7117509405267,87.35537332951176,44,1,4
26,O-RAN negotiation-based ConMit,3.0,716.2830711973374,640.6986763528414,89.44769213683226,45,2,4
26,O-RAN negotiation-based ConMit,4.0,716.2830711973374,671.4257276768357,93.73748377921059,47,3,4
26,O-RAN negotiation-based ConMit,5.0,716.2830711973374,688.7004701190007,96.14920382911887,49,4,4
26,O-RAN negotiation-based ConMit,6.0,716.2830711973374,688.7004701190007,96.14920382911887,49,4,4
26,O-RAN negotiation-based ConMit,7.0,716.2830711973374,688.7004701190007,96.14920382911887,49,4,4
26,O-RAN negotiation-based ConMit,8.0,716.2830711973374,688.7004701190007,96.14920382911887,49,4,4
26,O-RAN negotiation-based ConMit,9.0,716.2830711973374,688.7004701190007,96.14920382911887,49,4,4
27,Quantum-classical hybrid,1.0,714.2844579510461,401.68539095447534,56.23605364545187,28,0,0
27,Quantum-classical hybrid,1.5,714.2844579510461,619.5628870891055,86.7389567548966,43,0,0
27,O-RAN fixed-priority ConMit,1.0,714.2844579510461,422.49049187117066,59.14877289687946,30,0,8
27,O-RAN fixed-priority ConMit,1.5,714.2844579510461,581.097556967543,81.35380106609696,39,0,8
27,O-RAN negotiation-based ConMit,1.0,714.2844579510461,422.49049187117066,59.14877289687946,30,0,8
27,O-RAN negotiation-based ConMit,2.0,714.2844579510461,599.3885371222746,83.91454279176743,40,1,8
27,O-RAN negotiation-based ConMit,3.0,714.2844579510461,618.1451957666233,86.54047962065391,41,2,8
27,O-RAN negotiation-based ConMit,4.0,714.2844579510461,621.8287482362686,87.05617787344968,42,3,8
27,O-RAN negotiation-based ConMit,5.0,714.2844579510461,636.5188049339101,89.11278942842885,43,4,8
27,O-RAN negotiation-based ConMit,6.0,714.2844579510461,657.0754472017635,91.9907244078376,44,5,8
27,O-RAN negotiation-based ConMit,7.0,714.2844579510461,657.0754472017635,91.9907244078376,44,6,8
27,O-RAN negotiation-based ConMit,8.0,714.2844579510461,681.858725683041,95.4603894979012,47,7,8
27,O-RAN negotiation-based ConMit,9.0,714.2844579510461,693.6949158738308,97.11745903917928,48,8,8
28,Quantum-classical hybrid,1.0,709.953272072918,510.3165127707897,71.8802959074715,34,0,0
28,Quantum-classical hybrid,1.5,709.953272072918,709.2997229659456,99.90794477148276,48,0,0
28,O-RAN fixed-priority ConMit,1.0,709.953272072918,513.1500988014238,72.27941879937121,36,0,5
28,O-RAN fixed-priority ConMit,1.5,709.953272072918,615.5404458891824,86.70154362299513,42,0,5
28,O-RAN negotiation-based ConMit,1.0,709.953272072918,513.1500988014238,72.27941879937121,36,0,5
28,O-RAN negotiation-based ConMit,2.0,709.953272072918,634.9509335881497,89.43559506870405,43,1,5
28,O-RAN negotiation-based ConMit,3.0,709.953272072918,638.5814591309952,89.9469703501004,44,2,5
28,O-RAN negotiation-based ConMit,4.0,709.953272072918,654.6289455735304,92.20732847137221,45,3,5
28,O-RAN negotiation-based ConMit,5.0,709.953272072918,657.7636409708198,92.64886392456293,45,4,5
28,O-RAN negotiation-based ConMit,6.0,709.953272072918,702.571240713742,98.96020884055905,48,5,5
28,O-RAN negotiation-based ConMit,7.0,709.953272072918,702.571240713742,98.96020884055905,48,5,5
28,O-RAN negotiation-based ConMit,8.0,709.953272072918,702.571240713742,98.96020884055905,48,5,5
28,O-RAN negotiation-based ConMit,9.0,709.953272072918,702.571240713742,98.96020884055905,48,5,5
29,Quantum-classical hybrid,1.0,721.766609515548,577.1453978160002,79.96288415217518,40,0,0
29,Quantum-classical hybrid,1.5,721.766609515548,708.925680913178,98.22090292996667,53,0,0
29,O-RAN fixed-priority ConMit,1.0,721.766609515548,558.3739085653079,77.36211417983027,40,0,5
29,O-RAN fixed-priority ConMit,1.5,721.766609515548,639.4189021081905,88.59081227619694,46,0,5
29,O-RAN negotiation-based ConMit,1.0,721.766609515548,558.3739085653079,77.36211417983027,40,0,5
29,O-RAN negotiation-based ConMit,2.0,721.766609515548,644.3563055268218,89.27488429525934,47,1,5
29,O-RAN negotiation-based ConMit,3.0,721.766609515548,660.4225417051578,91.50084431703421,48,2,5
29,O-RAN negotiation-based ConMit,4.0,721.766609515548,665.3656956862865,92.18571307044559,49,3,5
29,O-RAN negotiation-based ConMit,5.0,721.766609515548,678.0510296237608,93.94325266430249,50,4,5
29,O-RAN negotiation-based ConMit,6.0,721.766609515548,703.4522298868304,97.46256208208216,51,5,5
29,O-RAN negotiation-based ConMit,7.0,721.766609515548,703.4522298868304,97.46256208208216,51,5,5
29,O-RAN negotiation-based ConMit,8.0,721.766609515548,703.4522298868304,97.46256208208216,51,5,5
29,O-RAN negotiation-based ConMit,9.0,721.766609515548,703.4522298868304,97.46256208208216,51,5,5
30,Quantum-classical hybrid,1.0,722.1656791134449,493.164698058785,68.28968923920765,35,0,0
30,Quantum-classical hybrid,1.5,722.1656791134449,689.0974190485728,95.42095934197984,48,0,0
30,O-RAN fixed-priority ConMit,1.0,722.1656791134449,460.889381744037,63.820449389098705,32,0,8
30,O-RAN fixed-priority ConMit,1.5,722.1656791134449,603.1635622718898,83.52149371212903,41,0,8
30,O-RAN negotiation-based ConMit,1.0,722.1656791134449,460.889381744037,63.820449389098705,32,0,8
30,O-RAN negotiation-based ConMit,2.0,722.1656791134449,620.4999534273684,85.9221050478493,42,1,8
30,O-RAN negotiation-based ConMit,3.0,722.1656791134449,635.4217088827326,87.98835603248244,44,2,8
30,O-RAN negotiation-based ConMit,4.0,722.1656791134449,654.2429765788972,90.5945817560962,45,3,8
30,O-RAN negotiation-based ConMit,5.0,722.1656791134449,665.1280035418167,92.10185734087369,46,4,8
30,O-RAN negotiation-based ConMit,6.0,722.1656791134449,683.0720708715342,94.58661504242303,48,5,8
30,O-RAN negotiation-based ConMit,7.0,722.1656791134449,696.6365179838102,96.4649163110361,49,6,8
30,O-RAN negotiation-based ConMit,8.0,722.1656791134449,704.4399093023409,97.54547047529802,50,7,8
30,O-RAN negotiation-based ConMit,9.0,722.1656791134449,711.3612991948169,98.50389180334741,51,8,8
31,Quantum-classical hybrid,1.0,701.0552141960336,499.6247331498421,71.26752972272078,33,0,0
31,Quantum-classical hybrid,1.5,701.0552141960336,699.2932353088765,99.74866760114215,46,0,0
31,O-RAN fixed-priority ConMit,1.0,701.0552141960336,515.3015269691075,73.50370078340443,35,0,5
31,O-RAN fixed-priority ConMit,1.5,701.0552141960336,615.0616090895913,87.73369010527092,41,0,5
31,O-RAN negotiation-based ConMit,1.0,701.0552141960336,515.3015269691075,73.50370078340443,35,0,5
31,O-RAN negotiation-based ConMit,2.0,701.0552141960336,628.3681933112405,89.63176945083417,42,1,5
31,O-RAN negotiation-based ConMit,3.0,701.0552141960336,661.9041429151209,94.41540830335155,45,2,5
31,O-RAN negotiation-based ConMit,4.0,701.0552141960336,666.1424095580118,95.01996363038828,46,3,5
31,O-RAN negotiation-based ConMit,5.0,701.0552141960336,676.6597972021123,96.5201860709505,46,4,5
31,O-RAN negotiation-based ConMit,6.0,701.0552141960336,683.6162370891374,97.51246738434217,47,5,5
31,O-RAN negotiation-based ConMit,7.0,701.0552141960336,683.6162370891374,97.51246738434217,47,5,5
31,O-RAN negotiation-based ConMit,8.0,701.0552141960336,683.6162370891374,97.51246738434217,47,5,5
31,O-RAN negotiation-based ConMit,9.0,701.0552141960336,683.6162370891374,97.51246738434217,47,5,5
32,Quantum-classical hybrid,1.0,711.7191469501836,599.544011666464,84.23884817987464,37,0,0
32,Quantum-classical hybrid,1.5,711.7191469501836,711.7191469501836,100.00000000000001,46,0,0
32,O-RAN fixed-priority ConMit,1.0,711.7191469501836,563.6389893577903,79.19401800177253,36,0,5
32,O-RAN fixed-priority ConMit,1.5,711.7191469501836,642.407070072157,90.26131625444692,42,0,5
32,O-RAN negotiation-based ConMit,1.0,711.7191469501836,563.6389893577903,79.19401800177253,36,0,5
32,O-RAN negotiation-based ConMit,2.0,711.7191469501836,642.407070072157,90.26131625444692,42,1,5
32,O-RAN negotiation-based ConMit,3.0,711.7191469501836,653.2856166455925,91.78980493148359,43,2,5
32,O-RAN negotiation-based ConMit,4.0,711.7191469501836,659.8347215901332,92.70998601310892,43,3,5
32,O-RAN negotiation-based ConMit,5.0,711.7191469501836,668.0434403219137,93.86335089965947,44,4,5
32,O-RAN negotiation-based ConMit,6.0,711.7191469501836,690.2154596070192,96.97862739321954,47,5,5
32,O-RAN negotiation-based ConMit,7.0,711.7191469501836,690.2154596070192,96.97862739321954,47,5,5
32,O-RAN negotiation-based ConMit,8.0,711.7191469501836,690.2154596070192,96.97862739321954,47,5,5
32,O-RAN negotiation-based ConMit,9.0,711.7191469501836,690.2154596070192,96.97862739321954,47,5,5
33,Quantum-classical hybrid,1.0,750.4876997976988,587.8950168773182,78.33506359075452,45,0,0
33,Quantum-classical hybrid,1.5,750.4876997976988,729.1900503598368,97.16215876108257,56,0,0
33,O-RAN fixed-priority ConMit,1.0,750.4876997976988,633.3820518883721,84.3960603297171,49,0,7
33,O-RAN fixed-priority ConMit,1.5,750.4876997976988,689.890835464696,91.9256685553491,53,0,7
33,O-RAN negotiation-based ConMit,1.0,750.4876997976988,633.3820518883721,84.3960603297171,49,0,7
33,O-RAN negotiation-based ConMit,2.0,750.4876997976988,689.890835464696,91.9256685553491,53,1,7
33,O-RAN negotiation-based ConMit,3.0,750.4876997976988,693.6592800183093,92.42780130910765,52,2,7
33,O-RAN negotiation-based ConMit,4.0,750.4876997976988,693.6592800183093,92.42780130910765,52,3,7
33,O-RAN negotiation-based ConMit,5.0,750.4876997976988,693.6592800183093,92.42780130910765,52,4,7
33,O-RAN negotiation-based ConMit,6.0,750.4876997976988,695.8643210809134,92.72161572647899,52,5,7
33,O-RAN negotiation-based ConMit,7.0,750.4876997976988,705.2144225135899,93.9674857700782,53,6,7
33,O-RAN negotiation-based ConMit,8.0,750.4876997976988,720.9097504403267,96.05883622538447,54,7,7
33,O-RAN negotiation-based ConMit,9.0,750.4876997976988,720.9097504403267,96.05883622538447,54,7,7
34,Quantum-classical hybrid,1.0,743.1453748290271,553.1165511686658,74.4291184340506,37,0,0
34,Quantum-classical hybrid,1.5,743.1453748290271,742.0944449767276,99.85858354396119,49,0,0
34,O-RAN fixed-priority ConMit,1.0,743.1453748290271,568.0098526512783,76.43320834526601,37,0,4
34,O-RAN fixed-priority ConMit,1.5,743.1453748290271,657.0023028225517,88.40831485679448,42,0,4
34,O-RAN negotiation-based ConMit,1.0,743.1453748290271,568.0098526512783,76.43320834526601,37,0,4
34,O-RAN negotiation-based ConMit,2.0,743.1453748290271,671.3265352420805,90.33582902894743,43,1,4
34,O-RAN negotiation-based ConMit,3.0,743.1453748290271,686.5288454220567,92.38150013111554,44,2,4
34,O-RAN negotiation-based ConMit,4.0,743.1453748290271,705.7862272831778,94.97283454742023,46,3,4
34,O-RAN negotiation-based ConMit,5.0,743.1453748290271,719.9275525588538,96.87573615384272,47,4,4
34,O-RAN negotiation-based ConMit,6.0,743.1453748290271,719.9275525588538,96.87573615384272,47,4,4
34,O-RAN negotiation-based ConMit,7.0,743.1453748290271,719.9275525588538,96.87573615384272,47,4,4
34,O-RAN negotiation-based ConMit,8.0,743.1453748290271,719.9275525588538,96.87573615384272,47,4,4
34,O-RAN negotiation-based ConMit,9.0,743.1453748290271,719.9275525588538,96.87573615384272,47,4,4
35,Quantum-classical hybrid,1.0,701.3186782080643,480.74156858250296,68.54823399411566,38,0,0
35,Quantum-classical hybrid,1.5,701.3186782080643,665.2307814857811,94.85427982404643,53,0,0
35,O-RAN fixed-priority ConMit,1.0,701.3186782080643,502.22574700803773,71.61163143284193,40,0,5
35,O-RAN fixed-priority ConMit,1.5,701.3186782080643,603.2489030697426,86.01637483990883,48,0,5
35,O-RAN negotiation-based ConMit,1.0,701.3186782080643,502.22574700803773,71.61163143284193,40,0,5
35,O-RAN negotiation-based ConMit,2.0,701.3186782080643,613.0933474534338,87.42007970184758,49,1,5
35,O-RAN negotiation-based ConMit,3.0,701.3186782080643,625.2491266198105,89.15335439480684,50,2,5
35,O-RAN negotiation-based ConMit,4.0,701.3186782080643,636.8989203856736,90.81448137286328,51,3,5
35,O-RAN negotiation-based ConMit,5.0,701.3186782080643,658.9912477627206,93.9645938771381,53,4,5
35,O-RAN negotiation-based ConMit,6.0,701.3186782080643,666.693298850524,95.06281802646247,54,5,5
35,O-RAN negotiation-based ConMit,7.0,701.3186782080643,666.693298850524,95.06281802646247,54,5,5
35,O-RAN negotiation-based ConMit,8.0,701.3186782080643,666.693298850524,95.06281802646247,54,5,5
35,O-RAN negotiation-based ConMit,9.0,701.3186782080643,666.693298850524,95.06281802646247,54,5,5
36,Quantum-classical hybrid,1.0,720.7852269260114,521.566501824929,72.36087565907727,39,0,0
36,Quantum-classical hybrid,1.5,720.7852269260114,692.607361163107,96.09067101956614,48,0,0
36,O-RAN fixed-priority ConMit,1.0,720.7852269260114,507.69787656818653,70.43677611615391,37,0,6
36,O-RAN fixed-priority ConMit,1.5,720.7852269260114,624.9452479480354,86.70339299451071,44,0,6
36,O-RAN negotiation-based ConMit,1.0,720.7852269260114,507.69787656818653,70.43677611615391,37,0,6
36,O-RAN negotiation-based ConMit,2.0,720.7852269260114,632.0211457054864,87.68508594452136,46,1,6
36,O-RAN negotiation-based ConMit,3.0,720.7852269260114,652.0658659107343,90.46604197087252,47,2,6
36,O-RAN negotiation-based ConMit,4.0,720.7852269260114,662.1680067662809,91.86758857285132,47,3,6
36,O-RAN negotiation-based ConMit,5.0,720.7852269260114,673.0291944076201,93.37444349101601,47,4,6
36,O-RAN negotiation-based ConMit,6.0,720.7852269260114,683.5555081253275,94.83483881052052,49,5,6
36,O-RAN negotiation-based ConMit,7.0,720.7852269260114,710.4205164330854,98.56202512125155,50,6,6
36,O-RAN negotiation-based ConMit,8.0,720.7852269260114,710.4205164330854,98.56202512125155,50,6,6
36,O-RAN negotiation-based ConMit,9.0,720.7852269260114,710.4205164330854,98.56202512125155,50,6,6
37,Quantum-classical hybrid,1.0,688.834637047996,480.37560035131327,69.73743399576495,37,0,0
37,Quantum-classical hybrid,1.5,688.834637047996,619.6559090510073,89.95713567867979,46,0,0
37,O-RAN fixed-priority ConMit,1.0,688.834637047996,469.1238971625814,68.10399360476616,36,0,6
37,O-RAN fixed-priority ConMit,1.5,688.834637047996,577.8520376555084,83.88835383364227,45,0,6
37,O-RAN negotiation-based ConMit,1.0,688.834637047996,469.1238971625814,68.10399360476616,36,0,6
37,O-RAN negotiation-based ConMit,2.0,688.834637047996,579.2099784538714,84.08548979709823,45,1,6
37,O-RAN negotiation-based ConMit,3.0,688.834637047996,584.119667394668,84.79824271002333,46,2,6
37,O-RAN negotiation-based ConMit,4.0,688.834637047996,591.2551020829479,85.83411319395528,47,3,6
37,O-RAN negotiation-based ConMit,5.0,688.834637047996,597.142490551268,86.68880140962784,48,4,6
37,O-RAN negotiation-based ConMit,6.0,688.834637047996,621.3564743430665,90.20401137287354,49,5,6
37,O-RAN negotiation-based ConMit,7.0,688.834637047996,654.1353341648658,94.96260771208686,51,6,6
37,O-RAN negotiation-based ConMit,8.0,688.834637047996,654.1353341648658,94.96260771208686,51,6,6
37,O-RAN negotiation-based ConMit,9.0,688.834637047996,654.1353341648658,94.96260771208686,51,6,6
38,Quantum-classical hybrid,1.0,699.320107071458,465.31404429091634,66.53806169531025,35,0,0
38,Quantum-classical hybrid,1.5,699.320107071458,695.6038752618335,99.46859359940517,52,0,0
38,O-RAN fixed-priority ConMit,1.0,699.320107071458,457.24678761804057,65.38447600668204,33,0,7
38,O-RAN fixed-priority ConMit,1.5,699.320107071458,583.7828477187853,83.47863043199088,42,0,7
38,O-RAN negotiation-based ConMit,1.0,699.320107071458,457.24678761804057,65.38447600668204,33,0,7
38,O-RAN negotiation-based ConMit,2.0,699.320107071458,597.5785575390195,85.45136218683865,43,1,7
38,O-RAN negotiation-based ConMit,3.0,699.320107071458,619.8460417922543,88.63552406464942,44,2,7
38,O-RAN negotiation-based ConMit,4.0,699.320107071458,624.3175417936033,89.27493081931493,45,3,7
38,O-RAN negotiation-based ConMit,5.0,699.320107071458,641.8246708481926,91.77838079559316,47,4,7
38,O-RAN negotiation-based ConMit,6.0,699.320107071458,647.615176615061,92.6064001401416,47,5,7
38,O-RAN negotiation-based ConMit,7.0,699.320107071458,651.2520159986742,93.12645373889241,47,6,7
38,O-RAN negotiation-based ConMit,8.0,699.320107071458,687.1030798494407,98.25301359156131,50,7,7
38,O-RAN negotiation-based ConMit,9.0,699.320107071458,687.1030798494407,98.25301359156131,50,7,7
39,Quantum-classical hybrid,1.0,702.1593814927921,606.1259577371707,86.32313029109514,44,0,0
39,Quantum-classical hybrid,1.5,702.1593814927921,684.9542828232617,97.54968756054326,49,0,0
39,O-RAN fixed-priority ConMit,1.0,702.1593814927921,587.2230758710585,83.63102329027082,45,0,5
39,O-RAN fixed-priority ConMit,1.5,702.1593814927921,645.9534232937561,91.9952706350598,50,0,5
39,O-RAN negotiation-based ConMit,1.0,702.1593814927921,587.2230758710585,83.63102329027082,45,0,5
39,O-RAN negotiation-based ConMit,2.0,702.1593814927921,652.4225446901614,92.91658872421671,50,1,5
39,O-RAN negotiation-based ConMit,3.0,702.1593814927921,662.521287162841,94.35482949103655,51,2,5
39,O-RAN negotiation-based ConMit,4.0,702.1593814927921,683.4228619993515,97.33158596363027,52,3,5
39,O-RAN negotiation-based ConMit,5.0,702.1593814927921,683.4228619993515,97.33158596363027,52,4,5
39,O-RAN negotiation-based ConMit,6.0,702.1593814927921,683.4228619993515,97.33158596363027,52,5,5
39,O-RAN negotiation-based ConMit,7.0,702.1593814927921,683.4228619993515,97.33158596363027,52,5,5
39,O-RAN negotiation-based ConMit,8.0,702.1593814927921,683.4228619993515,97.33158596363027,52,5,5
39,O-RAN negotiation-based ConMit,9.0,702.1593814927921,683.4228619993515,97.33158596363027,52,5,5
40,Quantum-classical hybrid,1.0,697.2604677652592,551.8325889147756,79.14296226823465,40,0,0
40,Quantum-classical hybrid,1.5,697.2604677652592,671.1876411095052,96.26067619474854,51,0,0
40,O-RAN fixed-priority ConMit,1.0,697.2604677652592,551.8325889147756,79.14296226823465,40,0,5
40,O-RAN fixed-priority ConMit,1.5,697.2604677652592,634.5792853831199,91.01036337496166,47,0,5
40,O-RAN negotiation-based ConMit,1.0,697.2604677652592,551.8325889147756,79.14296226823465,40,0,5
40,O-RAN negotiation-based ConMit,2.0,697.2604677652592,641.9567284683028,92.06842466285137,47,1,5
40,O-RAN negotiation-based ConMit,3.0,697.2604677652592,647.4811133299556,92.86072325384401,48,2,5
40,O-RAN negotiation-based ConMit,4.0,697.2604677652592,671.6292262144025,96.3240076361986,50,3,5
40,O-RAN negotiation-based ConMit,5.0,697.2604677652592,671.6292262144025,96.3240076361986,50,4,5
40,O-RAN negotiation-based ConMit,6.0,697.2604677652592,684.8705607785276,98.223059020334,51,5,5
40,O-RAN negotiation-based ConMit,7.0,697.2604677652592,684.8705607785276,98.223059020334,51,5,5
40,O-RAN negotiation-based ConMit,8.0,697.2604677652592,684.8705607785276,98.223059020334,51,5,5
40,O-RAN negotiation-based ConMit,9.0,697.2604677652592,684.8705607785276,98.223059020334,51,5,5
41,Quantum-classical hybrid,1.0,718.3754678321326,456.52632109936525,63.54982060802286,33,0,0
41,Quantum-classical hybrid,1.5,718.3754678321326,717.470867227852,99.87407690758003,52,0,0
41,O-RAN fixed-priority ConMit,1.0,718.3754678321326,476.4279836854188,66.32019118402701,32,0,7
41,O-RAN fixed-priority ConMit,1.5,718.3754678321326,607.1362984131399,84.51517703483346,41,0,7
41,O-RAN negotiation-based ConMit,1.0,718.3754678321326,476.4279836854188,66.32019118402701,32,0,7
41,O-RAN negotiation-based ConMit,2.0,718.3754678321326,626.3501535179216,87.18980276540915,43,1,7
41,O-RAN negotiation-based ConMit,3.0,718.3754678321326,644.6393762968997,89.73571692839833,45,2,7
41,O-RAN negotiation-based ConMit,4.0,718.3754678321326,649.7574502768038,90.44816803636128,46,3,7
41,O-RAN negotiation-based ConMit,5.0,718.3754678321326,655.8359645842119,91.29431529216214,47,4,7
41,O-RAN negotiation-based ConMit,6.0,718.3754678321326,667.2269636026477,92.87997620745075,47,5,7
41,O-RAN negotiation-based ConMit,7.0,718.3754678321326,684.701012526949,95.31241574732441,48,6,7
41,O-RAN negotiation-based ConMit,8.0,718.3754678321326,701.3543335332843,97.63060752196708,49,7,7
41,O-RAN negotiation-based ConMit,9.0,718.3754678321326,701.3543335332843,97.63060752196708,49,7,7
42,Quantum-classical hybrid,1.0,725.841320296443,551.752222099935,76.01554315956996,39,0,0
42,Quantum-classical hybrid,1.5,725.841320296443,689.6457524068827,95.01329465856566,48,0,0
42,O-RAN fixed-priority ConMit,1.0,725.841320296443,545.2531236404571,75.12015483188098,39,0,5
42,O-RAN fixed-priority ConMit,1.5,725.841320296443,641.8483850727805,88.42819596032936,46,0,5
42,O-RAN negotiation-based ConMit,1.0,725.841320296443,545.2531236404571,75.12015483188098,39,0,5
42,O-RAN negotiation-based ConMit,2.0,725.841320296443,649.3331763450551,89.45938432932684,47,1,5
42,O-RAN negotiation-based ConMit,3.0,725.841320296443,659.636704081881,90.87891328816563,48,2,5
42,O-RAN negotiation-based ConMit,4.0,725.841320296443,670.4956875626357,92.37496802865903,50,3,5
42,O-RAN negotiation-based ConMit,5.0,725.841320296443,697.0545613484276,96.03401485378946,52,4,5
42,O-RAN negotiation-based ConMit,6.0,725.841320296443,702.1155861877189,96.73127811199365,53,5,5
42,O-RAN negotiation-based ConMit,7.0,725.841320296443,702.1155861877189,96.73127811199365,53,5,5
42,O-RAN negotiation-based ConMit,8.0,725.841320296443,702.1155861877189,96.73127811199365,53,5,5
42,O-RAN negotiation-based ConMit,9.0,725.841320296443,702.1155861877189,96.73127811199365,53,5,5
43,Quantum-classical hybrid,1.0,711.0253641526888,453.2326232629759,63.74352394630562,30,0,0
43,Quantum-classical hybrid,1.5,711.0253641526888,669.3541698270635,94.13928160280416,46,0,0
43,O-RAN fixed-priority ConMit,1.0,711.0253641526888,460.58152760888555,64.77708824884877,32,0,6
43,O-RAN fixed-priority ConMit,1.5,711.0253641526888,593.1320787902207,83.41925741243301,40,0,6
43,O-RAN negotiation-based ConMit,1.0,711.0253641526888,460.58152760888555,64.77708824884877,32,0,6
43,O-RAN negotiation-based ConMit,2.0,711.0253641526888,601.6727167700985,84.62042946767404,40,1,6
43,O-RAN negotiation-based ConMit,3.0,711.0253641526888,606.0682028656092,85.2386192422046,41,2,6
43,O-RAN negotiation-based ConMit,4.0,711.0253641526888,644.1234925180637,90.59078972318373,44,3,6
43,O-RAN negotiation-based ConMit,5.0,711.0253641526888,669.6372945339975,94.17910081618362,46,4,6
43,O-RAN negotiation-based ConMit,6.0,711.0253641526888,682.2957374158913,95.95940901896883,47,5,6
43,O-RAN negotiation-based ConMit,7.0,711.0253641526888,695.4512375094242,97.809624321655,48,6,6
43,O-RAN negotiation-based ConMit,8.0,711.0253641526888,695.4512375094242,97.809624321655,48,6,6
43,O-RAN negotiation-based ConMit,9.0,711.0253641526888,695.4512375094242,97.809624321655,48,6,6
44,Quantum-classical hybrid,1.0,676.347625912264,518.5663531450741,76.67157143423502,39,0,0
44,Quantum-classical hybrid,1.5,676.347625912264,621.3687760253138,91.8712141832694,48,0,0
44,O-RAN fixed-priority ConMit,1.0,676.347625912264,486.83814089874875,71.98046126680742,37,0,5
44,O-RAN fixed-priority ConMit,1.5,676.347625912264,591.6514116847471,87.47741383533685,44,0,5
44,O-RAN negotiation-based ConMit,1.0,676.347625912264,486.83814089874875,71.98046126680742,37,0,5
44,O-RAN negotiation-based ConMit,2.0,676.347625912264,603.1262742550349,89.1740062577336,44,1,5
44,O-RAN negotiation-based ConMit,3.0,676.347625912264,619.190190370374,91.54910384067728,47,2,5
44,O-RAN negotiation-based ConMit,4.0,676.347625912264,619.190190370374,91.54910384067728,47,3,5
44,O-RAN negotiation-based ConMit,5.0,676.347625912264,634.1940288807855,93.76746580952046,48,4,5
44,O-RAN negotiation-based ConMit,6.0,676.347625912264,650.7512436673474,96.21549906227703,50,5,5
44,O-RAN negotiation-based ConMit,7.0,676.347625912264,650.7512436673474,96.21549906227703,50,5,5
44,O-RAN negotiation-based ConMit,8.0,676.347625912264,650.7512436673474,96.21549906227703,50,5,5
44,O-RAN negotiation-based ConMit,9.0,676.347625912264,650.7512436673474,96.21549906227703,50,5,5
45,Quantum-classical hybrid,1.0,711.02199934274,471.94689943263813,66.37585051783209,38,0,0
45,Quantum-classical hybrid,1.5,711.02199934274,689.2833908680512,96.94262505312302,49,0,0
45,O-RAN fixed-priority ConMit,1.0,711.02199934274,499.9311472089762,70.31162856720417,41,0,5
45,O-RAN fixed-priority ConMit,1.5,711.02199934274,616.2317814083422,86.6684549814182,47,0,5
45,O-RAN negotiation-based ConMit,1.0,711.02199934274,499.9311472089762,70.31162856720417,41,0,5
45,O-RAN negotiation-based ConMit,2.0,711.02199934274,635.5971015079616,89.3920444227464,48,1,5
45,O-RAN negotiation-based ConMit,3.0,711.02199934274,648.1469346787383,91.15708589577783,50,2,5
45,O-RAN negotiation-based ConMit,4.0,711.02199934274,659.7730693957325,92.79221599410688,51,3,5
45,O-RAN negotiation-based ConMit,5.0,711.02199934274,677.6734282808802,95.30976944557457,52,4,5
45,O-RAN negotiation-based ConMit,6.0,711.02199934274,691.7575058953759,97.29059108365536,53,5,5
45,O-RAN negotiation-based ConMit,7.0,711.02199934274,691.7575058953759,97.29059108365536,53,5,5
45,O-RAN negotiation-based ConMit,8.0,711.02199934274,691.7575058953759,97.29059108365536,53,5,5
45,O-RAN negotiation-based ConMit,9.0,711.02199934274,691.7575058953759,97.29059108365536,53,5,5
46,Quantum-classical hybrid,1.0,723.011708953235,577.0375843809251,79.81026824812436,41,0,0
46,Quantum-classical hybrid,1.5,723.011708953235,715.2419590628887,98.92536320032835,53,0,0
46,O-RAN fixed-priority ConMit,1.0,723.011708953235,551.85465860642,76.32720905798143,42,0,4
46,O-RAN fixed-priority ConMit,1.5,723.011708953235,633.1995885118163,87.57805450046621,48,0,4
46,O-RAN negotiation-based ConMit,1.0,723.011708953235,551.85465860642,76.32720905798143,42,0,4
46,O-RAN negotiation-based ConMit,2.0,723.011708953235,645.7395230188016,89.31245718740753,49,1,4
46,O-RAN negotiation-based ConMit,3.0,723.011708953235,665.9067919583208,92.10179914270132,51,2,4
46,O-RAN negotiation-based ConMit,4.0,723.011708953235,681.7579582317992,94.29417944265904,52,3,4
46,O-RAN negotiation-based ConMit,5.0,723.011708953235,690.8711478634996,95.55462785847992,54,4,4
46,O-RAN negotiation-based ConMit,6.0,723.011708953235,690.8711478634996,95.55462785847992,54,4,4
46,O-RAN negotiation-based ConMit,7.0,723.011708953235,690.8711478634996,95.55462785847992,54,4,4
46,O-RAN negotiation-based ConMit,8.0,723.011708953235,690.8711478634996,95.55462785847992,54,4,4
46,O-RAN negotiation-based ConMit,9.0,723.011708953235,690.8711478634996,95.55462785847992,54,4,4
47,Quantum-classical hybrid,1.0,727.2520937411718,447.3173608993789,61.50788217030264,30,0,0
47,Quantum-classical hybrid,1.5,727.2520937411718,710.7714827243942,97.73385169205946,51,0,0
47,O-RAN fixed-priority ConMit,1.0,727.2520937411718,516.7153787224048,71.05038035219506,38,0,7
47,O-RAN fixed-priority ConMit,1.5,727.2520937411718,628.8625776374626,86.47105770468555,47,0,7
47,O-RAN negotiation-based ConMit,1.0,727.2520937411718,516.7153787224048,71.05038035219506,38,0,7
47,O-RAN negotiation-based ConMit,2.0,727.2520937411718,636.0431466093861,87.45841395071365,48,1,7
47,O-RAN negotiation-based ConMit,3.0,727.2520937411718,655.7996553096365,90.17501096985976,50,2,7
47,O-RAN negotiation-based ConMit,4.0,727.2520937411718,655.7996553096365,90.17501096985976,50,3,7
47,O-RAN negotiation-based ConMit,5.0,727.2520937411718,661.0112531438822,90.89162600322953,50,4,7
47,O-RAN negotiation-based ConMit,6.0,727.2520937411718,680.8219984656959,93.61568076942513,51,5,7
47,O-RAN negotiation-based ConMit,7.0,727.2520937411718,700.0230589514063,96.25590149219201,52,6,7
47,O-RAN negotiation-based ConMit,8.0,727.2520937411718,712.728443036105,98.00294136929143,52,7,7
47,O-RAN negotiation-based ConMit,9.0,727.2520937411718,712.728443036105,98.00294136929143,52,7,7
48,Quantum-classical hybrid,1.0,698.5983633178009,497.36216196451045,71.19429246905554,40,0,0
48,Quantum-classical hybrid,1.5,698.5983633178009,676.7969577711409,96.87926472614103,52,0,0
48,O-RAN fixed-priority ConMit,1.0,698.5983633178009,499.287695593657,71.46992060250862,39,0,5
48,O-RAN fixed-priority ConMit,1.5,698.5983633178009,606.9918599775979,86.88710020659894,45,0,5
48,O-RAN negotiation-based ConMit,1.0,698.5983633178009,499.287695593657,71.46992060250862,39,0,5
48,O-RAN negotiation-based ConMit,2.0,698.5983633178009,621.6061313128505,88.9790420293433,47,1,5
48,O-RAN negotiation-based ConMit,3.0,698.5983633178009,624.2979274550169,89.36435586394526,48,2,5
48,O-RAN negotiation-based ConMit,4.0,698.5983633178009,632.4319369283469,90.52868860510712,49,3,5
48,O-RAN negotiation-based ConMit,5.0,698.5983633178009,648.1598109000043,92.78003570202304,50,4,5
48,O-RAN negotiation-based ConMit,6.0,698.5983633178009,668.082073030147,95.63178331212727,53,5,5
48,O-RAN negotiation-based ConMit,7.0,698.5983633178009,668.082073030147,95.63178331212727,53,5,5
48,O-RAN negotiation-based ConMit,8.0,698.5983633178009,668.082073030147,95.63178331212727,53,5,5
48,O-RAN negotiation-based ConMit,9.0,698.5983633178009,668.082073030147,95.63178331212727,53,5,5
49,Quantum-classical hybrid,1.0,692.4405043276828,523.4183624705856,75.59037335327353,37,0,0
49,Quantum-classical hybrid,1.5,692.4405043276828,688.6689516778606,99.45532466309375,51,0,0
49,O-RAN fixed-priority ConMit,1.0,692.4405043276828,520.4375884796692,75.15989969202944,35,0,7
49,O-RAN fixed-priority ConMit,1.5,692.4405043276828,613.0062951186048,88.52837049354822,43,0,7
49,O-RAN negotiation-based ConMit,1.0,692.4405043276828,520.4375884796692,75.15989969202944,35,0,7
49,O-RAN negotiation-based ConMit,2.0,692.4405043276828,613.0062951186048,88.52837049354822,43,1,7
49,O-RAN negotiation-based ConMit,3.0,692.4405043276828,618.6131398980702,89.33809273602583,44,2,7
49,O-RAN negotiation-based ConMit,4.0,692.4405043276828,639.2584987747832,92.3196281528135,45,3,7
49,O-RAN negotiation-based ConMit,5.0,692.4405043276828,639.2584987747832,92.3196281528135,45,4,7
49,O-RAN negotiation-based ConMit,6.0,692.4405043276828,649.065142482834,93.73587166352095,46,5,7
49,O-RAN negotiation-based ConMit,7.0,692.4405043276828,662.823581158908,95.7228205190667,47,6,7
49,O-RAN negotiation-based ConMit,8.0,692.4405043276828,669.0554967471531,96.6228134497656,48,7,7
49,O-RAN negotiation-based ConMit,9.0,692.4405043276828,669.0554967471531,96.6228134497656,48,7,7
50,Quantum-classical hybrid,1.0,690.828802549392,403.17691332104744,58.361335229971345,30,0,0
50,Quantum-classical hybrid,1.5,690.828802549392,617.2468904831762,89.34874866324716,46,0,0
50,O-RAN fixed-priority ConMit,1.0,690.828802549392,481.13728096306244,69.64638405166419,35,0,6
50,O-RAN fixed-priority ConMit,1.5,690.828802549392,600.0142427518238,86.85425977283637,43,0,6
50,O-RAN negotiation-based ConMit,1.0,690.828802549392,481.13728096306244,69.64638405166419,35,0,6
50,O-RAN negotiation-based ConMit,2.0,690.828802549392,613.0393644450112,88.73969385507502,44,1,6
50,O-RAN negotiation-based ConMit,3.0,690.828802549392,616.429290427259,89.23039805989941,45,2,6
50,O-RAN negotiation-based ConMit,4.0,690.828802549392,625.7001308919357,90.57238618061241,46,3,6
50,O-RAN negotiation-based ConMit,5.0,690.828802549392,641.7438099787571,92.89476750397571,47,4,6
50,O-RAN negotiation-based ConMit,6.0,690.828802549392,646.662979247761,93.60683527689578,47,5,6
50,O-RAN negotiation-based ConMit,7.0,690.828802549392,663.0203953055549,95.9746311761735,49,6,6
50,O-RAN negotiation-based ConMit,8.0,690.828802549392,663.0203953055549,95.9746311761735,49,6,6
50,O-RAN negotiation-based ConMit,9.0,690.828802549392,663.0203953055549,95.9746311761735,49,6,6
51,Quantum-classical hybrid,1.0,704.790546563906,470.8625895182072,66.80886850906595,34,0,0
51,Quantum-classical hybrid,1.5,704.790546563906,704.790546563906,100.0,53,0,0
51,O-RAN fixed-priority ConMit,1.0,704.790546563906,456.01501695922843,64.70220396434898,35,0,9
51,O-RAN fixed-priority ConMit,1.5,704.790546563906,590.4473608492899,83.77628839205093,44,0,9
51,O-RAN negotiation-based ConMit,1.0,704.790546563906,456.01501695922843,64.70220396434898,35,0,9
51,O-RAN negotiation-based ConMit,2.0,704.790546563906,590.4473608492899,83.77628839205093,44,1,9
51,O-RAN negotiation-based ConMit,3.0,704.790546563906,590.4473608492899,83.77628839205093,44,2,9
51,O-RAN negotiation-based ConMit,4.0,704.790546563906,617.899722278246,87.67139759333006,45,3,9
51,O-RAN negotiation-based ConMit,5.0,704.790546563906,620.4983904916197,88.04011255780327,45,4,9
51,O-RAN negotiation-based ConMit,6.0,704.790546563906,638.4404147128959,90.58583685968979,46,5,9
51,O-RAN negotiation-based ConMit,7.0,704.790546563906,653.3570314352284,92.70229781323918,47,6,9
51,O-RAN negotiation-based ConMit,8.0,704.790546563906,653.529765452465,92.72680637370141,47,7,9
51,O-RAN negotiation-based ConMit,9.0,704.790546563906,658.2026824306464,93.38982845891005,48,8,9
52,Quantum-classical hybrid,1.0,685.4907803128941,506.1578437631253,73.83875294895843,33,0,0
52,Quantum-classical hybrid,1.5,685.4907803128941,675.9395006912772,98.60665089948297,50,0,0
52,O-RAN fixed-priority ConMit,1.0,685.4907803128941,515.7426201267409,75.23698858376021,35,0,5
52,O-RAN fixed-priority ConMit,1.5,685.4907803128941,604.0072056561601,88.1131042171653,41,0,5
52,O-RAN negotiation-based ConMit,1.0,685.4907803128941,515.7426201267409,75.23698858376021,35,0,5
52,O-RAN negotiation-based ConMit,2.0,685.4907803128941,616.4352600778827,89.92611976436929,42,1,5
52,O-RAN negotiation-based ConMit,3.0,685.4907803128941,616.4352600778827,89.92611976436929,42,2,5
52,O-RAN negotiation-based ConMit,4.0,685.4907803128941,618.3572408746335,90.20650001920998,43,3,5
52,O-RAN negotiation-based ConMit,5.0,685.4907803128941,641.5956923648467,93.59654583129311,45,4,5
52,O-RAN negotiation-based ConMit,6.0,685.4907803128941,666.575588105514,97.2406350675138,47,5,5
52,O-RAN negotiation-based ConMit,7.0,685.4907803128941,666.575588105514,97.2406350675138,47,5,5
52,O-RAN negotiation-based ConMit,8.0,685.4907803128941,666.575588105514,97.2406350675138,47,5,5
52,O-RAN negotiation-based ConMit,9.0,685.4907803128941,666.575588105514,97.2406350675138,47,5,5
53,Quantum-classical hybrid,1.0,690.0980568306345,451.6669223370739,65.44967311042916,31,0,0
53,Quantum-classical hybrid,1.5,690.0980568306345,631.6406230113797,91.52911195146264,45,0,0
53,O-RAN fixed-priority ConMit,1.0,690.0980568306345,421.0742393354519,61.01658092899006,30,0,7
53,O-RAN fixed-priority ConMit,1.5,690.0980568306345,556.9959567170257,80.7125815242985,39,0,7
53,O-RAN negotiation-based ConMit,1.0,690.0980568306345,421.0742393354519,61.01658092899006,30,0,7
53,O-RAN negotiation-based ConMit,2.0,690.0980568306345,576.160168151185,83.48960882418302,41,1,7
53,O-RAN negotiation-based ConMit,3.0,690.0980568306345,585.1189935112242,84.78780482276093,42,2,7
53,O-RAN negotiation-based ConMit,4.0,690.0980568306345,606.6786908279296,87.9119546596292,44,3,7
53,O-RAN negotiation-based ConMit,5.0,690.0980568306345,627.3880824385797,90.91288929575333,47,4,7
53,O-RAN negotiation-based ConMit,6.0,690.0980568306345,633.7451823774887,91.83407721622146,48,5,7
53,O-RAN negotiation-based ConMit,7.0,690.0980568306345,639.6671018881538,92.69220447104409,48,6,7
53,O-RAN negotiation-based ConMit,8.0,690.0980568306345,652.3901112718239,94.53585687054543,50,7,7
53,O-RAN negotiation-based ConMit,9.0,690.0980568306345,652.3901112718239,94.53585687054543,50,7,7
54,Quantum-classical hybrid,1.0,724.3554541419606,502.3131901822985,69.34622874860747,35,0,0
54,Quantum-classical hybrid,1.5,724.3554541419606,700.91651624219,96.76416629905336,50,0,0
54,O-RAN fixed-priority ConMit,1.0,724.3554541419606,527.4188400911543,72.81215832300335,36,0,7
54,O-RAN fixed-priority ConMit,1.5,724.3554541419606,626.526536585589,86.49434928708374,43,0,7
54,O-RAN negotiation-based ConMit,1.0,724.3554541419606,527.4188400911543,72.81215832300335,36,0,7
54,O-RAN negotiation-based ConMit,2.0,724.3554541419606,626.526536585589,86.49434928708374,43,1,7
54,O-RAN negotiation-based ConMit,3.0,724.3554541419606,635.1630610604115,87.6866540354552,44,2,7
54,O-RAN negotiation-based ConMit,4.0,724.3554541419606,637.034476635547,87.94501000757283,44,3,7
54,O-RAN negotiation-based ConMit,5.0,724.3554541419606,652.5273762791297,90.0838631845583,46,4,7
54,O-RAN negotiation-based ConMit,6.0,724.3554541419606,667.5874119344829,92.16295785682699,48,5,7
54,O-RAN negotiation-based ConMit,7.0,724.3554541419606,689.2944088622025,95.15969058018761,49,6,7
54,O-RAN negotiation-based ConMit,8.0,724.3554541419606,705.0121629503358,97.32958576055204,50,7,7
54,O-RAN negotiation-based ConMit,9.0,724.3554541419606,705.0121629503358,97.32958576055204,50,7,7
55,Quantum-classical hybrid,1.0,727.472715337435,607.1365556815388,83.45832673599601,45,0,0
55,Quantum-classical hybrid,1.5,727.472715337435,722.5751426137145,99.32676887799857,51,0,0
55,O-RAN fixed-priority ConMit,1.0,727.472715337435,562.9698541273292,77.3870747669482,40,0,6
55,O-RAN fixed-priority ConMit,1.5,727.472715337435,647.5852787611801,89.01849720381615,46,0,6
55,O-RAN negotiation-based ConMit,1.0,727.472715337435,562.9698541273292,77.3870747669482,40,0,6
55,O-RAN negotiation-based ConMit,2.0,727.472715337435,664.6567705222725,91.36518202115312,47,1,6
55,O-RAN negotiation-based ConMit,3.0,727.472715337435,664.6567705222725,91.36518202115312,47,2,6
55,O-RAN negotiation-based ConMit,4.0,727.472715337435,664.6567705222725,91.36518202115312,47,3,6
55,O-RAN negotiation-based ConMit,5.0,727.472715337435,664.6567705222725,91.36518202115312,47,4,6
55,O-RAN negotiation-based ConMit,6.0,727.472715337435,689.0917111270714,94.72406271724422,49,5,6
55,O-RAN negotiation-based ConMit,7.0,727.472715337435,706.9967633222229,97.18533058580563,51,6,6
55,O-RAN negotiation-based ConMit,8.0,727.472715337435,706.9967633222229,97.18533058580563,51,6,6
55,O-RAN negotiation-based ConMit,9.0,727.472715337435,706.9967633222229,97.18533058580563,51,6,6
56,Quantum-classical hybrid,1.0,734.330112085668,493.6646131338614,67.22652455742816,32,0,0
56,Quantum-classical hybrid,1.5,734.330112085668,712.1732888710198,96.98271624028632,48,0,0
56,O-RAN fixed-priority ConMit,1.0,734.330112085668,522.1733448711349,71.10880192397958,35,0,5
56,O-RAN fixed-priority ConMit,1.5,734.330112085668,635.6806853005826,86.56606543004233,42,0,5
56,O-RAN negotiation-based ConMit,1.0,734.330112085668,522.1733448711349,71.10880192397958,35,0,5
56,O-RAN negotiation-based ConMit,2.0,734.330112085668,635.6806853005826,86.56606543004233,42,1,5
56,O-RAN negotiation-based ConMit,3.0,734.330112085668,642.205847118957,87.45465241714564,42,2,5
56,O-RAN negotiation-based ConMit,4.0,734.330112085668,680.1927891759997,92.6276585940476,45,3,5
56,O-RAN negotiation-based ConMit,5.0,734.330112085668,702.7094605188918,95.69394594524167,47,4,5
56,O-RAN negotiation-based ConMit,6.0,734.330112085668,719.0946338400897,97.92525486905255,48,5,5
56,O-RAN negotiation-based ConMit,7.0,734.330112085668,719.0946338400897,97.92525486905255,48,5,5
56,O-RAN negotiation-based ConMit,8.0,734.330112085668,719.0946338400897,97.92525486905255,48,5,5
56,O-RAN negotiation-based ConMit,9.0,734.330112085668,719.0946338400897,97.92525486905255,48,5,5
57,Quantum-classical hybrid,1.0,719.7019596420471,531.9308583568928,73.9098805040708,37,0,0
57,Quantum-classical hybrid,1.5,719.7019596420471,707.8947817296875,98.35943507528698,53,0,0
57,O-RAN fixed-priority ConMit,1.0,719.7019596420471,525.9386896697895,73.07729020654213,37,0,6
57,O-RAN fixed-priority ConMit,1.5,719.7019596420471,630.4778103783801,87.602625216132,45,0,6
57,O-RAN negotiation-based ConMit,1.0,719.7019596420471,525.9386896697895,73.07729020654213,37,0,6
57,O-RAN negotiation-based ConMit,2.0,719.7019596420471,638.0149282674339,88.64988065125719,46,1,6
57,O-RAN negotiation-based ConMit,3.0,719.7019596420471,638.0149282674339,88.64988065125719,46,2,6
57,O-RAN negotiation-based ConMit,4.0,719.7019596420471,641.0823783729808,89.07609181609443,47,3,6
57,O-RAN negotiation-based ConMit,5.0,719.7019596420471,660.9797837461604,91.84076476252852,50,4,6
57,O-RAN negotiation-based ConMit,6.0,719.7019596420471,677.1744613305518,94.09095699383022,51,5,6
57,O-RAN negotiation-based ConMit,7.0,719.7019596420471,696.2947823659821,96.74765686511304,53,6,6
57,O-RAN negotiation-based ConMit,8.0,719.7019596420471,696.2947823659821,96.74765686511304,53,6,6
57,O-RAN negotiation-based ConMit,9.0,719.7019596420471,696.2947823659821,96.74765686511304,53,6,6
58,Quantum-classical hybrid,1.0,680.1045553583778,358.94287498359193,52.777601937168136,25,0,0
58,Quantum-classical hybrid,1.5,680.1045553583778,616.0942405654021,90.58816555650833,42,0,0
58,O-RAN fixed-priority ConMit,1.0,680.1045553583778,355.8624824784663,52.324672680797775,25,0,8
58,O-RAN fixed-priority ConMit,1.5,680.1045553583778,542.3854292661299,79.75030089018043,37,0,8
58,O-RAN negotiation-based ConMit,1.0,680.1045553583778,355.8624824784663,52.324672680797775,25,0,8
58,O-RAN negotiation-based ConMit,2.0,680.1045553583778,549.124183991214,80.74114188249418,38,1,8
58,O-RAN negotiation-based ConMit,3.0,680.1045553583778,576.8875264345521,84.82335868645433,40,2,8
58,O-RAN negotiation-based ConMit,4.0,680.1045553583778,582.5601492757039,85.6574396812747,40,3,8
58,O-RAN negotiation-based ConMit,5.0,680.1045553583778,582.5601492757039,85.6574396812747,40,4,8
58,O-RAN negotiation-based ConMit,6.0,680.1045553583778,608.89149572239,89.52910121320062,42,5,8
58,O-RAN negotiation-based ConMit,7.0,680.1045553583778,609.5088770324872,89.61987862459023,42,6,8
58,O-RAN negotiation-based ConMit,8.0,680.1045553583778,640.3432977582357,94.15365515686187,44,7,8
58,O-RAN negotiation-based ConMit,9.0,680.1045553583778,655.4241562201788,96.37108751239084,46,8,8
59,Quantum-classical hybrid,1.0,723.360767998009,586.0897115380196,81.0231543466334,38,0,0
59,Quantum-classical hybrid,1.5,723.360767998009,705.6412886144134,97.55039529823597,51,0,0
59,O-RAN fixed-priority ConMit,1.0,723.360767998009,619.7968984728781,85.68295736970131,42,0,4
59,O-RAN fixed-priority ConMit,1.5,723.360767998009,675.723683991635,93.41447779394845,47,0,4
59,O-RAN negotiation-based ConMit,1.0,723.360767998009,619.7968984728781,85.68295736970131,42,0,4
59,O-RAN negotiation-based ConMit,2.0,723.360767998009,682.9072361204345,94.40755793412261,48,1,4
59,O-RAN negotiation-based ConMit,3.0,723.360767998009,694.7738642191885,96.048043377036,49,2,4
59,O-RAN negotiation-based ConMit,4.0,723.360767998009,694.7738642191885,96.048043377036,49,3,4
59,O-RAN negotiation-based ConMit,5.0,723.360767998009,708.6769029530985,97.97004956661529,50,4,4
59,O-RAN negotiation-based ConMit,6.0,723.360767998009,708.6769029530985,97.97004956661529,50,4,4
59,O-RAN negotiation-based ConMit,7.0,723.360767998009,708.6769029530985,97.97004956661529,50,4,4
59,O-RAN negotiation-based ConMit,8.0,723.360767998009,708.6769029530985,97.97004956661529,50,4,4
59,O-RAN negotiation-based ConMit,9.0,723.360767998009,708.6769029530985,97.97004956661529,50,4,4
60,Quantum-classical hybrid,1.0,707.5213634825832,534.6245223239725,75.56302182769825,45,0,0
60,Quantum-classical hybrid,1.5,707.5213634825832,704.2689898092867,99.54031442142079,55,0,0
60,O-RAN fixed-priority ConMit,1.0,707.5213634825832,474.1407393539824,67.014335372172,38,0,5
60,O-RAN fixed-priority ConMit,1.5,707.5213634825832,589.5443213266773,83.32530320000576,45,0,5
60,O-RAN negotiation-based ConMit,1.0,707.5213634825832,474.1407393539824,67.014335372172,38,0,5
60,O-RAN negotiation-based ConMit,2.0,707.5213634825832,607.8068196017559,85.90649709995903,46,1,5
60,O-RAN negotiation-based ConMit,3.0,707.5213634825832,619.7973005101227,87.60121354630728,47,2,5
60,O-RAN negotiation-based ConMit,4.0,707.5213634825832,641.0561318527674,90.605904632666,49,3,5
60,O-RAN negotiation-based ConMit,5.0,707.5213634825832,656.742851947917,92.82304193830662,50,4,5
60,O-RAN negotiation-based ConMit,6.0,707.5213634825832,675.4566660310057,95.4680241323389,51,5,5
60,O-RAN negotiation-based ConMit,7.0,707.5213634825832,675.4566660310057,95.4680241323389,51,5,5
60,O-RAN negotiation-based ConMit,8.0,707.5213634825832,675.4566660310057,95.4680241323389,51,5,5
60,O-RAN negotiation-based ConMit,9.0,707.5213634825832,675.4566660310057,95.4680241323389,51,5,5
61,Quantum-classical hybrid,1.0,650.6864579127501,431.13066350831815,66.2578202243957,38,0,0
61,Quantum-classical hybrid,1.5,650.6864579127501,610.9189746989676,93.8883800745835,50,0,0
61,O-RAN fixed-priority ConMit,1.0,650.6864579127501,420.6445009034175,64.64626638346625,37,0,6
61,O-RAN fixed-priority ConMit,1.5,650.6864579127501,546.6634210055992,84.01333919860073,45,0,6
61,O-RAN negotiation-based ConMit,1.0,650.6864579127501,420.6445009034175,64.64626638346625,37,0,6
61,O-RAN negotiation-based ConMit,2.0,650.6864579127501,552.2512750009893,84.872102113894,45,1,6
61,O-RAN negotiation-based ConMit,3.0,650.6864579127501,557.9072665343756,85.74133666835661,45,2,6
61,O-RAN negotiation-based ConMit,4.0,650.6864579127501,572.3001286953001,87.95328713787974,46,3,6
61,O-RAN negotiation-based ConMit,5.0,650.6864579127501,581.3092484459512,89.33784334634153,48,4,6
61,O-RAN negotiation-based ConMit,6.0,650.6864579127501,609.3898565603254,93.65337931192012,50,5,6
61,O-RAN negotiation-based ConMit,7.0,650.6864579127501,624.7806704657856,96.01869884766556,51,6,6
61,O-RAN negotiation-based ConMit,8.0,650.6864579127501,624.7806704657856,96.01869884766556,51,6,6
61,O-RAN negotiation-based ConMit,9.0,650.6864579127501,624.7806704657856,96.01869884766556,51,6,6
62,Quantum-classical hybrid,1.0,727.819602708801,540.0026602779883,74.19457490128116,37,0,0
62,Quantum-classical hybrid,1.5,727.819602708801,725.5153968135885,99.68340975062547,51,0,0
62,O-RAN fixed-priority ConMit,1.0,727.819602708801,537.27564977666,73.81989270102454,37,0,5
62,O-RAN fixed-priority ConMit,1.5,727.819602708801,640.6529404797504,88.02358964987569,44,0,5
62,O-RAN negotiation-based ConMit,1.0,727.819602708801,537.27564977666,73.81989270102454,37,0,5
62,O-RAN negotiation-based ConMit,2.0,727.819602708801,640.9563614169824,88.0652786805232,44,1,5
62,O-RAN negotiation-based ConMit,3.0,727.819602708801,655.0335192957723,89.99943349394091,45,2,5
62,O-RAN negotiation-based ConMit,4.0,727.819602708801,674.3745469337383,92.65682655754932,47,3,5
62,O-RAN negotiation-based ConMit,5.0,727.819602708801,701.3681027285345,96.36565161451831,49,4,5
62,O-RAN negotiation-based ConMit,6.0,727.819602708801,708.9547014771284,97.40802512580575,50,5,5
62,O-RAN negotiation-based ConMit,7.0,727.819602708801,708.9547014771284,97.40802512580575,50,5,5
62,O-RAN negotiation-based ConMit,8.0,727.819602708801,708.9547014771284,97.40802512580575,50,5,5
62,O-RAN negotiation-based ConMit,9.0,727.819602708801,708.9547014771284,97.40802512580575,50,5,5
63,Quantum-classical hybrid,1.0,695.3232334401121,569.7823917119345,81.94496664420888,46,0,0
63,Quantum-classical hybrid,1.5,695.3232334401121,673.1236246800868,96.80729656476561,53,0,0
63,O-RAN fixed-priority ConMit,1.0,695.3232334401121,575.3798376458855,82.74998014940381,44,0,6
63,O-RAN fixed-priority ConMit,1.5,695.3232334401121,635.8363162260541,91.44471026521775,49,0,6
63,O-RAN negotiation-based ConMit,1.0,695.3232334401121,575.3798376458855,82.74998014940381,44,0,6
63,O-RAN negotiation-based ConMit,2.0,695.3232334401121,639.8148627076326,92.0168968814904,50,1,6
63,O-RAN negotiation-based ConMit,3.0,695.3232334401121,652.5438919609219,93.84756046946119,52,2,6
63,O-RAN negotiation-based ConMit,4.0,695.3232334401121,652.5438919609219,93.84756046946119,52,3,6
63,O-RAN negotiation-based ConMit,5.0,695.3232334401121,652.7079257076027,93.87115147559932,53,4,6
63,O-RAN negotiation-based ConMit,6.0,695.3232334401121,673.4020037160453,96.84733248224549,55,5,6
63,O-RAN negotiation-based ConMit,7.0,695.3232334401121,681.5914809502551,98.0251267569589,56,6,6
63,O-RAN negotiation-based ConMit,8.0,695.3232334401121,681.5914809502551,98.0251267569589,56,6,6
63,O-RAN negotiation-based ConMit,9.0,695.3232334401121,681.5914809502551,98.0251267569589,56,6,6
64,Quantum-classical hybrid,1.0,700.1440161162245,589.6346968730327,84.21620171001402,45,0,0
64,Quantum-classical hybrid,1.5,700.1440161162245,699.0916224264708,99.84968896890794,55,0,0
64,O-RAN fixed-priority ConMit,1.0,700.1440161162245,585.1241293371444,83.57196746219327,44,0,5
64,O-RAN fixed-priority ConMit,1.5,700.1440161162245,639.9316679531405,91.40000531646496,49,0,5
64,O-RAN negotiation-based ConMit,1.0,700.1440161162245,585.1241293371444,83.57196746219327,44,0,5
64,O-RAN negotiation-based ConMit,2.0,700.1440161162245,639.9316679531405,91.40000531646496,49,1,5
64,O-RAN negotiation-based ConMit,3.0,700.1440161162245,644.8313588939859,92.09981718774603,49,2,5
64,O-RAN negotiation-based ConMit,4.0,700.1440161162245,650.7728161097324,92.94842220028394,50,3,5
64,O-RAN negotiation-based ConMit,5.0,700.1440161162245,654.4794157032742,93.47782750950914,50,4,5
64,O-RAN negotiation-based ConMit,6.0,700.1440161162245,664.2365798478811,94.87142138734171,51,5,5
64,O-RAN negotiation-based ConMit,7.0,700.1440161162245,664.2365798478811,94.87142138734171,51,5,5
64,O-RAN negotiation-based ConMit,8.0,700.1440161162245,664.2365798478811,94.87142138734171,51,5,5
64,O-RAN negotiation-based ConMit,9.0,700.1440161162245,664.2365798478811,94.87142138734171,51,5,5
65,Quantum-classical hybrid,1.0,713.0920242315462,592.4490141528374,83.0817053088319,43,0,0
65,Quantum-classical hybrid,1.5,713.0920242315462,693.9138375765231,97.31055936634682,49,0,0
65,O-RAN fixed-priority ConMit,1.0,713.0920242315462,544.0282826933919,76.29145526899653,37,0,5
65,O-RAN fixed-priority ConMit,1.5,713.0920242315462,629.0205253041322,88.21028758272642,43,0,5
65,O-RAN negotiation-based ConMit,1.0,713.0920242315462,544.0282826933919,76.29145526899653,37,0,5
65,O-RAN negotiation-based ConMit,2.0,713.0920242315462,634.5277169482598,88.98258505023244,44,1,5
65,O-RAN negotiation-based ConMit,3.0,713.0920242315462,645.4752396018855,90.51780382727922,45,2,5
65,O-RAN negotiation-based ConMit,4.0,713.0920242315462,657.4971836738288,92.20369339881084,46,3,5
65,O-RAN negotiation-based ConMit,5.0,713.0920242315462,665.2844754039552,93.2957392309765,47,4,5
65,O-RAN negotiation-based ConMit,6.0,713.0920242315462,691.1704510309945,96.92584232390269,49,5,5
65,O-RAN negotiation-based ConMit,7.0,713.0920242315462,691.1704510309945,96.92584232390269,49,5,5
65,O-RAN negotiation-based ConMit,8.0,713.0920242315462,691.1704510309945,96.92584232390269,49,5,5
65,O-RAN negotiation-based ConMit,9.0,713.0920242315462,691.1704510309945,96.92584232390269,49,5,5
66,Quantum-classical hybrid,1.0,678.4970453379913,430.30390314451694,63.420158731886936,31,0,0
66,Quantum-classical hybrid,1.5,678.4970453379913,678.4970453379913,100.0,46,0,0
66,O-RAN fixed-priority ConMit,1.0,678.4970453379913,332.65763190168195,49.028604352428616,23,0,7
66,O-RAN fixed-priority ConMit,1.5,678.4970453379913,512.9011493099373,75.5937189165558,33,0,7
66,O-RAN negotiation-based ConMit,1.0,678.4970453379913,332.65763190168195,49.028604352428616,23,0,7
66,O-RAN negotiation-based ConMit,2.0,678.4970453379913,535.6976203592242,78.95356715847863,35,1,7
66,O-RAN negotiation-based ConMit,3.0,678.4970453379913,551.9942073439389,81.35543273721474,36,2,7
66,O-RAN negotiation-based ConMit,4.0,678.4970453379913,572.0799961953436,84.31576823011274,38,3,7
66,O-RAN negotiation-based ConMit,5.0,678.4970453379913,586.7634923265612,86.479889095798,40,4,7
66,O-RAN negotiation-based ConMit,6.0,678.4970453379913,611.6930464041084,90.15412087747491,42,5,7
66,O-RAN negotiation-based ConMit,7.0,678.4970453379913,625.7698409918099,92.2288232928243,43,6,7
66,O-RAN negotiation-based ConMit,8.0,678.4970453379913,652.8092249170136,96.21401145406884,45,7,7
66,O-RAN negotiation-based ConMit,9.0,678.4970453379913,652.8092249170136,96.21401145406884,45,7,7
67,Quantum-classical hybrid,1.0,731.0239580990097,591.7262327842616,80.94484814465113,39,0,0
67,Quantum-classical hybrid,1.5,731.0239580990097,708.9835709989512,96.98499798045286,49,0,0
67,O-RAN fixed-priority ConMit,1.0,731.0239580990097,579.4012871707904,79.25886433017786,39,0,5
67,O-RAN fixed-priority ConMit,1.5,731.0239580990097,657.9173571157579,89.999424755741,45,0,5
67,O-RAN negotiation-based ConMit,1.0,731.0239580990097,579.4012871707904,79.25886433017786,39,0,5
67,O-RAN negotiation-based ConMit,2.0,731.0239580990097,662.2562749744299,90.5929645174138,45,1,5
67,O-RAN negotiation-based ConMit,3.0,731.0239580990097,662.2562749744299,90.5929645174138,45,2,5
67,O-RAN negotiation-based ConMit,4.0,731.0239580990097,684.518226586921,93.63827532643053,46,3,5
67,O-RAN negotiation-based ConMit,5.0,731.0239580990097,690.0913089919717,94.40064191418826,46,4,5
67,O-RAN negotiation-based ConMit,6.0,731.0239580990097,707.5437429267961,96.78803753118123,47,5,5
67,O-RAN negotiation-based ConMit,7.0,731.0239580990097,707.5437429267961,96.78803753118123,47,5,5
67,O-RAN negotiation-based ConMit,8.0,731.0239580990097,707.5437429267961,96.78803753118123,47,5,5
67,O-RAN negotiation-based ConMit,9.0,731.0239580990097,707.5437429267961,96.78803753118123,47,5,5
68,Quantum-classical hybrid,1.0,701.2441242405396,519.7336139949691,74.11593138949297,40,0,0
68,Quantum-classical hybrid,1.5,701.2441242405396,663.7706765284805,94.6561480636086,52,0,0
68,O-RAN fixed-priority ConMit,1.0,701.2441242405396,512.4240003458656,73.07355350760768,41,0,7
68,O-RAN fixed-priority ConMit,1.5,701.2441242405396,602.8707467940062,85.97159333733119,48,0,7
68,O-RAN negotiation-based ConMit,1.0,701.2441242405396,512.4240003458656,73.07355350760768,41,0,7
68,O-RAN negotiation-based ConMit,2.0,701.2441242405396,615.3164929376435,87.74640266740812,50,1,7
68,O-RAN negotiation-based ConMit,3.0,701.2441242405396,620.6467272820005,88.50651375570133,51,2,7
68,O-RAN negotiation-based ConMit,4.0,701.2441242405396,628.7146176495664,89.65702469599671,52,3,7
68,O-RAN negotiation-based ConMit,5.0,701.2441242405396,628.7146176495664,89.65702469599671,52,4,7
68,O-RAN negotiation-based ConMit,6.0,701.2441242405396,634.6034955572787,90.49680041805215,53,5,7
68,O-RAN negotiation-based ConMit,7.0,701.2441242405396,652.828330739409,93.09572917226711,54,6,7
68,O-RAN negotiation-based ConMit,8.0,701.2441242405396,675.8167958892387,96.37396913965745,55,7,7
68,O-RAN negotiation-based ConMit,9.0,701.2441242405396,675.8167958892387,96.37396913965745,55,7,7
69,Quantum-classical hybrid,1.0,705.357726791743,488.7751971340432,69.2946541263812,39,0,0
69,Quantum-classical hybrid,1.5,705.357726791743,675.5020508517356,95.76730007966266,52,0,0
69,O-RAN fixed-priority ConMit,1.0,705.357726791743,491.25141363932227,69.64571237827587,36,0,7
69,O-RAN fixed-priority ConMit,1.5,705.357726791743,600.9096056091472,85.19217735691807,42,0,7
69,O-RAN negotiation-based ConMit,1.0,705.357726791743,491.25141363932227,69.64571237827587,36,0,7
69,O-RAN negotiation-based ConMit,2.0,705.357726791743,617.1578447296048,87.49572327458472,44,1,7
69,O-RAN negotiation-based ConMit,3.0,705.357726791743,617.1578447296048,87.49572327458472,44,2,7
69,O-RAN negotiation-based ConMit,4.0,705.357726791743,617.1578447296048,87.49572327458472,44,3,7
69,O-RAN negotiation-based ConMit,5.0,705.357726791743,639.1608213396798,90.61513003435095,45,4,7
69,O-RAN negotiation-based ConMit,6.0,705.357726791743,654.1365144542762,92.73826451573134,46,5,7
69,O-RAN negotiation-based ConMit,7.0,705.357726791743,675.5829501444056,95.77876933697668,48,6,7
69,O-RAN negotiation-based ConMit,8.0,705.357726791743,689.8480028550323,97.80115488246577,51,7,7
69,O-RAN negotiation-based ConMit,9.0,705.357726791743,689.8480028550323,97.80115488246577,51,7,7
70,Quantum-classical hybrid,1.0,706.7787879190773,480.23122554536803,67.94646836519833,33,0,0
70,Quantum-classical hybrid,1.5,706.7787879190773,669.5411648426131,94.73136096994357,45,0,0
70,O-RAN fixed-priority ConMit,1.0,706.7787879190773,440.89309063839585,62.38063424858698,30,0,6
70,O-RAN fixed-priority ConMit,1.5,706.7787879190773,580.1335812804506,82.08135150582264,39,0,6
70,O-RAN negotiation-based ConMit,1.0,706.7787879190773,440.89309063839585,62.38063424858698,30,0,6
70,O-RAN negotiation-based ConMit,2.0,706.7787879190773,582.1385166110128,82.36502376153156,39,1,6
70,O-RAN negotiation-based ConMit,3.0,706.7787879190773,599.230778931354,84.78335642975792,40,2,6
70,O-RAN negotiation-based ConMit,4.0,706.7787879190773,616.8071683046501,87.27018677522499,42,3,6
70,O-RAN negotiation-based ConMit,5.0,706.7787879190773,629.9461289300535,89.12917870452264,43,4,6
70,O-RAN negotiation-based ConMit,6.0,706.7787879190773,672.7116434598423,95.17994243155816,46,5,6
70,O-RAN negotiation-based ConMit,7.0,706.7787879190773,694.9242007307538,98.3227301963566,47,6,6
70,O-RAN negotiation-based ConMit,8.0,706.7787879190773,694.9242007307538,98.3227301963566,47,6,6
70,O-RAN negotiation-based ConMit,9.0,706.7787879190773,694.9242007307538,98.3227301963566,47,6,6
71,Quantum-classical hybrid,1.0,692.7960734619518,442.0967963910523,63.81340964908516,36,0,0
71,Quantum-classical hybrid,1.5,692.7960734619518,635.5223429098794,91.7329597054626,48,0,0
71,O-RAN fixed-priority ConMit,1.0,692.7960734619518,488.608297477802,70.52700155129219,37,0,6
71,O-RAN fixed-priority ConMit,1.5,692.7960734619518,600.4064476882343,86.66423940423913,43,0,6
71,O-RAN negotiation-based ConMit,1.0,692.7960734619518,488.608297477802,70.52700155129219,37,0,6
71,O-RAN negotiation-based ConMit,2.0,692.7960734619518,601.2345814724798,86.78377440392632,43,1,6
71,O-RAN negotiation-based ConMit,3.0,692.7960734619518,610.2033874539246,88.07835535278,45,2,6
71,O-RAN negotiation-based ConMit,4.0,692.7960734619518,628.6702751054927,90.74391428981146,46,3,6
71,O-RAN negotiation-based ConMit,5.0,692.7960734619518,643.3197655824958,92.85846011912001,46,4,6
71,O-RAN negotiation-based ConMit,6.0,692.7960734619518,651.6209561780818,94.0566757143823,47,5,6
71,O-RAN negotiation-based ConMit,7.0,692.7960734619518,670.3828379026374,96.76481486863604,49,6,6
71,O-RAN negotiation-based ConMit,8.0,692.7960734619518,670.3828379026374,96.76481486863604,49,6,6
71,O-RAN negotiation-based ConMit,9.0,692.7960734619518,670.3828379026374,96.76481486863604,49,6,6
72,Quantum-classical hybrid,1.0,657.4274094848132,400.05032398879683,60.850873908998174,32,0,0
72,Quantum-classical hybrid,1.5,657.4274094848132,604.563451225268,91.95896649624456,49,0,0
72,O-RAN fixed-priority ConMit,1.0,657.4274094848132,386.95772612426055,58.859384403746766,30,0,8
72,O-RAN fixed-priority ConMit,1.5,657.4274094848132,536.763982511723,81.64612165050329,41,0,8
72,O-RAN negotiation-based ConMit,1.0,657.4274094848132,386.95772612426055,58.859384403746766,30,0,8
72,O-RAN negotiation-based ConMit,2.0,657.4274094848132,550.7545389767984,83.77419788572429,43,1,8
72,O-RAN negotiation-based ConMit,3.0,657.4274094848132,560.1406675607464,85.2019035834991,44,2,8
72,O-RAN negotiation-based ConMit,4.0,657.4274094848132,568.4631330115991,86.46781755830197,45,3,8
72,O-RAN negotiation-based ConMit,5.0,657.4274094848132,572.938388149319,87.14853988188548,46,4,8
72,O-RAN negotiation-based ConMit,6.0,657.4274094848132,587.3721908497968,89.34403743678492,47,5,8
72,O-RAN negotiation-based ConMit,7.0,657.4274094848132,601.4525925393045,91.48577985372214,48,6,8
72,O-RAN negotiation-based ConMit,8.0,657.4274094848132,628.8119499219799,95.64735830146518,50,7,8
72,O-RAN negotiation-based ConMit,9.0,657.4274094848132,633.0234031275652,96.28795422807637,51,8,8
73,Quantum-classical hybrid,1.0,681.2820810851691,469.14540772896663,68.86213812958297,36,0,0
73,Quantum-classical hybrid,1.5,681.2820810851691,658.0420363813629,96.58877793075246,49,0,0
73,O-RAN fixed-priority ConMit,1.0,681.2820810851691,386.9274853718217,56.794020584764326,31,0,7
73,O-RAN fixed-priority ConMit,1.5,681.2820810851691,535.9002495812142,78.66055257575749,41,0,7
73,O-RAN negotiation-based ConMit,1.0,681.2820810851691,386.9274853718217,56.794020584764326,31,0,7
73,O-RAN negotiation-based ConMit,2.0,681.2820810851691,551.1274304745772,80.89562983907089,42,1,7
73,O-RAN negotiation-based ConMit,3.0,681.2820810851691,582.6561891551187,85.52348657505335,44,2,7
73,O-RAN negotiation-based ConMit,4.0,681.2820810851691,590.1354954319988,86.62131469713853,44,3,7
73,O-RAN negotiation-based ConMit,5.0,681.2820810851691,609.8615309421518,89.5167431925912,46,4,7
73,O-RAN negotiation-based ConMit,6.0,681.2820810851691,628.0464956995083,92.18597011962133,47,5,7
73,O-RAN negotiation-based ConMit,7.0,681.2820810851691,649.6751654307349,95.36067122092956,49,6,7
73,O-RAN negotiation-based ConMit,8.0,681.2820810851691,667.3188985197553,97.950455038657,50,7,7
73,O-RAN negotiation-based ConMit,9.0,681.2820810851691,667.3188985197553,97.950455038657,50,7,7
74,Quantum-classical hybrid,1.0,705.2632717775164,507.14194767190816,71.90817499878146,37,0,0
74,Quantum-classical hybrid,1.5,705.2632717775164,678.2917038632711,96.17567382372441,46,0,0
74,O-RAN fixed-priority ConMit,1.0,705.2632717775164,458.33115595240673,64.98724296208532,33,0,7
74,O-RAN fixed-priority ConMit,1.5,705.2632717775164,580.7612024252855,82.3467243603313,42,0,7
74,O-RAN negotiation-based ConMit,1.0,705.2632717775164,458.33115595240673,64.98724296208532,33,0,7
74,O-RAN negotiation-based ConMit,2.0,705.2632717775164,593.007630536784,84.08315791664467,43,1,7
74,O-RAN negotiation-based ConMit,3.0,705.2632717775164,598.1206508495216,84.80813829168262,44,2,7
74,O-RAN negotiation-based ConMit,4.0,705.2632717775164,610.3195740320439,86.53783607557213,44,3,7
74,O-RAN negotiation-based ConMit,5.0,705.2632717775164,625.9903349772609,88.75980928363684,44,4,7
74,O-RAN negotiation-based ConMit,6.0,705.2632717775164,651.4487693729576,92.36958671207606,45,5,7
74,O-RAN negotiation-based ConMit,7.0,705.2632717775164,661.6820725465489,93.8205772262708,47,6,7
74,O-RAN negotiation-based ConMit,8.0,705.2632717775164,677.4885382030727,96.06179214402567,48,7,7
74,O-RAN negotiation-based ConMit,9.0,705.2632717775164,677.4885382030727,96.06179214402567,48,7,7
75,Quantum-classical hybrid,1.0,775.9392769738827,448.28581345566033,57.77331123176913,28,0,0
75,Quantum-classical hybrid,1.5,775.9392769738827,774.4331895364849,99.80590137887188,49,0,0
75,O-RAN fixed-priority ConMit,1.0,775.9392769738827,405.6892932329281,52.28363936094231,25,0,8
75,O-RAN fixed-priority ConMit,1.5,775.9392769738827,607.7840319861858,78.32881386756289,37,0,8
75,O-RAN negotiation-based ConMit,1.0,775.9392769738827,405.6892932329281,52.28363936094231,25,0,8
75,O-RAN negotiation-based ConMit,2.0,775.9392769738827,622.4164354134025,80.21458042964262,39,1,8
75,O-RAN negotiation-based ConMit,3.0,775.9392769738827,622.4164354134025,80.21458042964262,39,2,8
75,O-RAN negotiation-based ConMit,4.0,775.9392769738827,637.6091920748161,82.17256311105352,40,3,8
75,O-RAN negotiation-based ConMit,5.0,775.9392769738827,646.4109441872636,83.30689828052371,41,4,8
75,O-RAN negotiation-based ConMit,6.0,775.9392769738827,665.0449097336248,85.70837041878595,43,5,8
75,O-RAN negotiation-based ConMit,7.0,775.9392769738827,690.6830714617569,89.0125157931662,45,6,8
75,O-RAN negotiation-based ConMit,8.0,775.9392769738827,719.3897489232992,92.71211939790916,48,7,8
75,O-RAN negotiation-based ConMit,9.0,775.9392769738827,750.0540016059948,96.66400759234165,50,8,8
76,Quantum-classical hybrid,1.0,693.5374477918187,394.07796460088576,56.82143997495826,31,0,0
76,Quantum-classical hybrid,1.5,693.5374477918187,652.6263975460357,94.1011043634282,49,0,0
76,O-RAN fixed-priority ConMit,1.0,693.5374477918187,382.49312594712535,55.151041542884286,29,0,8
76,O-RAN fixed-priority ConMit,1.5,693.5374477918187,550.3981040372832,79.3609783854812,41,0,8
76,O-RAN negotiation-based ConMit,1.0,693.5374477918187,382.49312594712535,55.151041542884286,29,0,8
76,O-RAN negotiation-based ConMit,2.0,693.5374477918187,550.3981040372832,79.3609783854812,41,1,8
76,O-RAN negotiation-based ConMit,3.0,693.5374477918187,563.3566021833269,81.22944247308061,42,2,8
76,O-RAN negotiation-based ConMit,4.0,693.5374477918187,566.8434708580169,81.73220821208893,43,3,8
76,O-RAN negotiation-based ConMit,5.0,693.5374477918187,579.0344913804732,83.4900109899017,44,4,8
76,O-RAN negotiation-based ConMit,6.0,693.5374477918187,593.9541956083857,85.64125808916302,45,5,8
76,O-RAN negotiation-based ConMit,7.0,693.5374477918187,607.4430629468675,87.58619522001725,46,6,8
76,O-RAN negotiation-based ConMit,8.0,693.5374477918187,634.2802679595954,91.45580674541878,48,7,8
76,O-RAN negotiation-based ConMit,9.0,693.5374477918187,648.3498791063042,93.4844803507887,49,8,8
77,Quantum-classical hybrid,1.0,682.0896709899148,502.1720967316948,73.62259217367914,34,0,0
77,Quantum-classical hybrid,1.5,682.0896709899148,680.6809644250228,99.79347194000937,47,0,0
77,O-RAN fixed-priority ConMit,1.0,682.0896709899148,484.04052139637133,70.96435292648322,33,0,7
77,O-RAN fixed-priority ConMit,1.5,682.0896709899148,589.2417073505065,86.38771886038704,40,0,7
77,O-RAN negotiation-based ConMit,1.0,682.0896709899148,484.04052139637133,70.96435292648322,33,0,7
77,O-RAN negotiation-based ConMit,2.0,682.0896709899148,610.0788448809308,89.44261595334306,41,1,7
77,O-RAN negotiation-based ConMit,3.0,682.0896709899148,629.2388474763579,92.25163116209418,43,2,7
77,O-RAN negotiation-based ConMit,4.0,682.0896709899148,634.923295448793,93.08501835650593,44,3,7
77,O-RAN negotiation-based ConMit,5.0,682.0896709899148,634.923295448793,93.08501835650593,44,4,7
77,O-RAN negotiation-based ConMit,6.0,682.0896709899148,645.8030782969224,94.68008471080792,46,5,7
77,O-RAN negotiation-based ConMit,7.0,682.0896709899148,656.5881123641716,96.26126010840585,47,6,7
77,O-RAN negotiation-based ConMit,8.0,682.0896709899148,656.5881123641716,96.26126010840585,47,7,7
77,O-RAN negotiation-based ConMit,9.0,682.0896709899148,656.5881123641716,96.26126010840585,47,7,7
78,Quantum-classical hybrid,1.0,759.8845113301346,499.27802413461916,65.70446122933357,34,0,0
78,Quantum-classical hybrid,1.5,759.8845113301346,731.2630381092432,96.23344432027031,50,0,0
78,O-RAN fixed-priority ConMit,1.0,759.8845113301346,492.0601894794757,64.75460180365465,36,0,6
78,O-RAN fixed-priority ConMit,1.5,759.8845113301346,633.4651115143912,83.3633403588588,46,0,6
78,O-RAN negotiation-based ConMit,1.0,759.8845113301346,492.0601894794757,64.75460180365465,36,0,6
78,O-RAN negotiation-based ConMit,2.0,759.8845113301346,657.6634417410486,86.54781508703817,48,1,6
78,O-RAN negotiation-based ConMit,3.0,759.8845113301346,669.3065420499902,88.08003480402662,48,2,6
78,O-RAN negotiation-based ConMit,4.0,759.8845113301346,695.2702612244948,91.4968328552274,50,3,6
78,O-RAN negotiation-based ConMit,5.0,759.8845113301346,695.2702612244948,91.4968328552274,50,4,6
78,O-RAN negotiation-based ConMit,6.0,759.8845113301346,711.1409225984416,93.58539514822192,52,5,6
78,O-RAN negotiation-based ConMit,7.0,759.8845113301346,725.5392919009754,95.48020535791157,53,6,6
78,O-RAN negotiation-based ConMit,8.0,759.8845113301346,725.5392919009754,95.48020535791157,53,6,6
78,O-RAN negotiation-based ConMit,9.0,759.8845113301346,725.5392919009754,95.48020535791157,53,6,6
79,Quantum-classical hybrid,1.0,710.6618445604133,545.7835185603687,76.79932766025568,43,0,0
79,Quantum-classical hybrid,1.5,710.6618445604133,702.6164039344807,98.86789466924184,55,0,0
79,O-RAN fixed-priority ConMit,1.0,710.6618445604133,494.48327767559573,69.58067067487816,37,0,5
79,O-RAN fixed-priority ConMit,1.5,710.6618445604133,595.4373530323902,83.78631237768276,45,0,5
79,O-RAN negotiation-based ConMit,1.0,710.6618445604133,494.48327767559573,69.58067067487816,37,0,5
79,O-RAN negotiation-based ConMit,2.0,710.6618445604133,602.5165023581558,84.78244709069024,46,1,5
79,O-RAN negotiation-based ConMit,3.0,710.6618445604133,625.7002531502887,88.0447230901107,48,2,5
79,O-RAN negotiation-based ConMit,4.0,710.6618445604133,642.9046946894275,90.46562716295854,49,3,5
79,O-RAN negotiation-based ConMit,5.0,710.6618445604133,649.4394741144062,91.38516146397633,50,4,5
79,O-RAN negotiation-based ConMit,6.0,710.6618445604133,661.3575896065729,93.06220598006945,51,5,5
79,O-RAN negotiation-based ConMit,7.0,710.6618445604133,661.3575896065729,93.06220598006945,51,5,5
79,O-RAN negotiation-based ConMit,8.0,710.6618445604133,661.3575896065729,93.06220598006945,51,5,5
79,O-RAN negotiation-based ConMit,9.0,710.6618445604133,661.3575896065729,93.06220598006945,51,5,5
80,Quantum-classical hybrid,1.0,669.1819500319192,546.8145441683629,81.71388127582946,42,0,0
80,Quantum-classical hybrid,1.5,669.1819500319192,650.0310969585668,97.13816951093213,50,0,0
80,O-RAN fixed-priority ConMit,1.0,669.1819500319192,540.4181565660613,80.75802949261916,41,0,3
80,O-RAN fixed-priority ConMit,1.5,669.1819500319192,615.3740170458501,91.95914758557034,47,0,3
80,O-RAN negotiation-based ConMit,1.0,669.1819500319192,540.4181565660613,80.75802949261916,41,0,3
80,O-RAN negotiation-based ConMit,2.0,669.1819500319192,641.4459515548217,95.85523810440876,49,1,3
80,O-RAN negotiation-based ConMit,3.0,669.1819500319192,658.1951938985422,98.35818103987219,50,2,3
80,O-RAN negotiation-based ConMit,4.0,669.1819500319192,662.492738656852,99.00038974829668,50,3,3
80,O-RAN negotiation-based ConMit,5.0,669.1819500319192,662.492738656852,99.00038974829668,50,3,3
80,O-RAN negotiation-based ConMit,6.0,669.1819500319192,662.492738656852,99.00038974829668,50,3,3
80,O-RAN negotiation-based ConMit,7.0,669.1819500319192,662.492738656852,99.00038974829668,50,3,3
80,O-RAN negotiation-based ConMit,8.0,669.1819500319192,662.492738656852,99.00038974829668,50,3,3
80,O-RAN negotiation-based ConMit,9.0,669.1819500319192,662.492738656852,99.00038974829668,50,3,3
81,Quantum-classical hybrid,1.0,714.4983046241247,460.03872787380897,64.38625884715304,30,0,0
81,Quantum-classical hybrid,1.5,714.4983046241247,705.5647009229963,98.74966761386116,48,0,0
81,O-RAN fixed-priority ConMit,1.0,714.4983046241247,473.9780506819673,66.33718339350187,30,0,7
81,O-RAN fixed-priority ConMit,1.5,714.4983046241247,602.1464689906004,84.27542306169235,39,0,7
81,O-RAN negotiation-based ConMit,1.0,714.4983046241247,473.9780506819673,66.33718339350187,30,0,7
81,O-RAN negotiation-based ConMit,2.0,714.4983046241247,607.9807561002076,85.0919802280073,40,1,7
81,O-RAN negotiation-based ConMit,3.0,714.4983046241247,614.4283353735862,85.99437275037592,40,2,7
81,O-RAN negotiation-based ConMit,4.0,714.4983046241247,628.1640147223565,87.91679569524158,41,3,7
81,O-RAN negotiation-based ConMit,5.0,714.4983046241247,628.1640147223565,87.91679569524158,41,4,7
81,O-RAN negotiation-based ConMit,6.0,714.4983046241247,658.1759931195425,92.1172225126256,44,5,7
81,O-RAN negotiation-based ConMit,7.0,714.4983046241247,674.6250902778239,94.4194109225666,45,6,7
81,O-RAN negotiation-based ConMit,8.0,714.4983046241247,700.6075508617067,98.05587309689622,47,7,7
81,O-RAN negotiation-based ConMit,9.0,714.4983046241247,700.6075508617067,98.05587309689622,47,7,7
82,Quantum-classical hybrid,1.0,730.3076296506739,464.0621853776494,63.5433845322995,35,0,0
82,Quantum-classical hybrid,1.5,730.3076296506739,699.3100777881439,95.75554867510326,49,0,0
82,O-RAN fixed-priority ConMit,1.0,730.3076296506739,444.3100031632752,60.83874590982992,33,0,5
82,O-RAN fixed-priority ConMit,1.5,730.3076296506739,598.3251233636871,81.92782042409749,42,0,5
82,O-RAN negotiation-based ConMit,1.0,730.3076296506739,444.3100031632752,60.83874590982992,33,0,5
82,O-RAN negotiation-based ConMit,2.0,730.3076296506739,620.2443568971199,84.92919034596417,43,1,5
82,O-RAN negotiation-based ConMit,3.0,730.3076296506739,631.8833292133309,86.52289850998515,44,2,5
82,O-RAN negotiation-based ConMit,4.0,730.3076296506739,649.8177404795022,88.97863230462589,46,3,5
82,O-RAN negotiation-based ConMit,5.0,730.3076296506739,687.1344010988573,94.0883503336166,48,4,5
82,O-RAN negotiation-based ConMit,6.0,730.3076296506739,709.0176088274494,97.08478729252657,50,5,5
82,O-RAN negotiation-based ConMit,7.0,730.3076296506739,709.0176088274494,97.08478729252657,50,5,5
82,O-RAN negotiation-based ConMit,8.0,730.3076296506739,709.0176088274494,97.08478729252657,50,5,5
82,O-RAN negotiation-based ConMit,9.0,730.3076296506739,709.0176088274494,97.08478729252657,50,5,5
83,Quantum-classical hybrid,1.0,718.941206365485,512.6327983238525,71.30385541752459,37,0,0
83,Quantum-classical hybrid,1.5,718.941206365485,705.4130394396622,98.11832082984743,51,0,0
83,O-RAN fixed-priority ConMit,1.0,718.941206365485,471.9655029094064,65.64730171683543,35,0,8
83,O-RAN fixed-priority ConMit,1.5,718.941206365485,598.6044412021996,83.26194630411679,44,0,8
83,O-RAN negotiation-based ConMit,1.0,718.941206365485,471.9655029094064,65.64730171683543,35,0,8
83,O-RAN negotiation-based ConMit,2.0,718.941206365485,612.3254531014725,85.17044894352422,44,1,8
83,O-RAN negotiation-based ConMit,3.0,718.941206365485,623.8317439793348,86.77089843452376,45,2,8
83,O-RAN negotiation-based ConMit,4.0,718.941206365485,647.8721810909676,90.1147653458622,46,3,8
83,O-RAN negotiation-based ConMit,5.0,718.941206365485,661.2403768562488,91.97419357822939,47,4,8
83,O-RAN negotiation-based ConMit,6.0,718.941206365485,674.5535111616578,93.8259631231567,48,5,8
83,O-RAN negotiation-based ConMit,7.0,718.941206365485,674.5535111616578,93.8259631231567,48,6,8
83,O-RAN negotiation-based ConMit,8.0,718.941206365485,674.5535111616578,93.8259631231567,48,7,8
83,O-RAN negotiation-based ConMit,9.0,718.941206365485,678.455822143541,94.3687489514459,49,8,8
84,Quantum-classical hybrid,1.0,701.7372918664906,514.0907667523458,73.25971880231133,38,0,0
84,Quantum-classical hybrid,1.5,701.7372918664906,652.833428539252,93.03102971809246,52,0,0
84,O-RAN fixed-priority ConMit,1.0,701.7372918664906,515.7762395012818,73.49990451974028,38,0,5
84,O-RAN fixed-priority ConMit,1.5,701.7372918664906,617.6258722082061,88.01383072651537,47,0,5
84,O-RAN negotiation-based ConMit,1.0,701.7372918664906,515.7762395012818,73.49990451974028,38,0,5
84,O-RAN negotiation-based ConMit,2.0,701.7372918664906,622.9859648068398,88.77766252806845,48,1,5
84,O-RAN negotiation-based ConMit,3.0,701.7372918664906,627.4912248244277,89.41967771948072,49,2,5
84,O-RAN negotiation-based ConMit,4.0,701.7372918664906,640.665405016123,91.29704412773508,50,3,5
84,O-RAN negotiation-based ConMit,5.0,701.7372918664906,663.1045317697716,94.49469758205908,52,4,5
84,O-RAN negotiation-based ConMit,6.0,701.7372918664906,687.5745551562661,97.98176085632356,55,5,5
84,O-RAN negotiation-based ConMit,7.0,701.7372918664906,687.5745551562661,97.98176085632356,55,5,5
84,O-RAN negotiation-based ConMit,8.0,701.7372918664906,687.5745551562661,97.98176085632356,55,5,5
84,O-RAN negotiation-based ConMit,9.0,701.7372918664906,687.5745551562661,97.98176085632356,55,5,5
85,Quantum-classical hybrid,1.0,702.6498859182194,368.22661601482,52.40541888562656,29,0,0
85,Quantum-classical hybrid,1.5,702.6498859182194,670.640143387462,95.44442500137501,50,0,0
85,O-RAN fixed-priority ConMit,1.0,702.6498859182194,424.663475922789,60.43742188441984,33,0,7
85,O-RAN fixed-priority ConMit,1.5,702.6498859182194,574.7780942507405,81.80149257401834,43,0,7
85,O-RAN negotiation-based ConMit,1.0,702.6498859182194,424.663475922789,60.43742188441984,33,0,7
85,O-RAN negotiation-based ConMit,2.0,702.6498859182194,582.7580400433931,82.93718560586511,44,1,7
85,O-RAN negotiation-based ConMit,3.0,702.6498859182194,592.5222589385066,84.32681351171095,45,2,7
85,O-RAN negotiation-based ConMit,4.0,702.6498859182194,597.5103839157429,85.03671542405777,46,3,7
85,O-RAN negotiation-based ConMit,5.0,702.6498859182194,618.3107293976643,87.99698708975934,47,4,7
85,O-RAN negotiation-based ConMit,6.0,702.6498859182194,642.1664444465741,91.39209403092612,49,5,7
85,O-RAN negotiation-based ConMit,7.0,702.6498859182194,646.7555374704764,92.04520635839846,50,6,7
85,O-RAN negotiation-based ConMit,8.0,702.6498859182194,672.4376360810311,95.70024126628768,54,7,7
85,O-RAN negotiation-based ConMit,9.0,702.6498859182194,672.4376360810311,95.70024126628768,54,7,7
86,Quantum-classical hybrid,1.0,720.8530549675392,512.8840347166542,71.14959577160286,37,0,0
86,Quantum-classical hybrid,1.5,720.8530549675392,691.5181797953823,95.93053327997926,50,0,0
86,O-RAN fixed-priority ConMit,1.0,720.8530549675392,523.9281518780923,72.6816857149458,38,0,5
86,O-RAN fixed-priority ConMit,1.5,720.8530549675392,634.8437226726548,88.06839595085611,44,0,5
86,O-RAN negotiation-based ConMit,1.0,720.8530549675392,523.9281518780923,72.6816857149458,38,0,5
86,O-RAN negotiation-based ConMit,2.0,720.8530549675392,651.8264053130979,90.42431058885509,46,1,5
86,O-RAN negotiation-based ConMit,3.0,720.8530549675392,667.9185638352326,92.6566876886316,47,2,5
86,O-RAN negotiation-based ConMit,4.0,720.8530549675392,667.9185638352326,92.6566876886316,47,3,5
86,O-RAN negotiation-based ConMit,5.0,720.8530549675392,682.3113462368467,94.65331963774115,49,4,5
86,O-RAN negotiation-based ConMit,6.0,720.8530549675392,700.8875669726208,97.23029709628999,51,5,5
86,O-RAN negotiation-based ConMit,7.0,720.8530549675392,700.8875669726208,97.23029709628999,51,5,5
86,O-RAN negotiation-based ConMit,8.0,720.8530549675392,700.8875669726208,97.23029709628999,51,5,5
86,O-RAN negotiation-based ConMit,9.0,720.8530549675392,700.8875669726208,97.23029709628999,51,5,5
87,Quantum-classical hybrid,1.0,686.6456089840046,439.4610102906018,64.001138948642,36,0,0
87,Quantum-classical hybrid,1.5,686.6456089840046,632.6764904134135,92.14017859220762,50,0,0
87,O-RAN fixed-priority ConMit,1.0,686.6456089840046,449.94281112856294,65.52766161198073,34,0,5
87,O-RAN fixed-priority ConMit,1.5,686.6456089840046,578.9385942990144,84.31403139031808,43,0,5
87,O-RAN negotiation-based ConMit,1.0,686.6456089840046,449.94281112856294,65.52766161198073,34,0,5
87,O-RAN negotiation-based ConMit,2.0,686.6456089840046,586.5642505890767,85.42459791696427,44,1,5
87,O-RAN negotiation-based ConMit,3.0,686.6456089840046,602.811394397747,87.79075938309677,46,2,5
87,O-RAN negotiation-based ConMit,4.0,686.6456089840046,626.9453544265589,91.3055215417774,49,3,5
87,O-RAN negotiation-based ConMit,5.0,686.6456089840046,635.3807656522714,92.53401716096499,50,4,5
87,O-RAN negotiation-based ConMit,6.0,686.6456089840046,659.3759775763851,96.02857266531291,53,5,5
87,O-RAN negotiation-based ConMit,7.0,686.6456089840046,659.3759775763851,96.02857266531291,53,5,5
87,O-RAN negotiation-based ConMit,8.0,686.6456089840046,659.3759775763851,96.02857266531291,53,5,5
87,O-RAN negotiation-based ConMit,9.0,686.6456089840046,659.3759775763851,96.02857266531291,53,5,5
88,Quantum-classical hybrid,1.0,760.9988093614194,468.93047659944483,61.62039556841629,33,0,0
88,Quantum-classical hybrid,1.5,760.9988093614194,740.2646622502176,97.27540347551917,47,0,0
88,O-RAN fixed-priority ConMit,1.0,760.9988093614194,467.66816203097994,61.45451954431001,32,0,6
88,O-RAN fixed-priority ConMit,1.5,760.9988093614194,634.4874094204635,83.37561131703792,40,0,6
88,O-RAN negotiation-based ConMit,1.0,760.9988093614194,467.66816203097994,61.45451954431001,32,0,6
88,O-RAN negotiation-based ConMit,2.0,760.9988093614194,655.365564562391,86.11913139684555,41,1,6
88,O-RAN negotiation-based ConMit,3.0,760.9988093614194,676.1324007445515,88.84802346956599,42,2,6
88,O-RAN negotiation-based ConMit,4.0,760.9988093614194,699.6628206731566,91.94006771972062,45,3,6
88,O-RAN negotiation-based ConMit,5.0,760.9988093614194,706.5704984557417,92.8477797552206,46,4,6
88,O-RAN negotiation-based ConMit,6.0,760.9988093614194,726.8979335289617,95.51893177584958,47,5,6
88,O-RAN negotiation-based ConMit,7.0,760.9988093614194,739.8887456050682,97.22600567876506,49,6,6
88,O-RAN negotiation-based ConMit,8.0,760.9988093614194,739.8887456050682,97.22600567876506,49,6,6
88,O-RAN negotiation-based ConMit,9.0,760.9988093614194,739.8887456050682,97.22600567876506,49,6,6
89,Quantum-classical hybrid,1.0,702.2077678681534,467.89736992362606,66.63232611967894,38,0,0
89,Quantum-classical hybrid,1.5,702.2077678681534,650.9868590455817,92.70573309405644,53,0,0
89,O-RAN fixed-priority ConMit,1.0,702.2077678681534,481.11745105779744,68.51497136216985,37,0,6
89,O-RAN fixed-priority ConMit,1.5,702.2077678681534,599.2879368883456,85.34339326774123,45,0,6
89,O-RAN negotiation-based ConMit,1.0,702.2077678681534,481.11745105779744,68.51497136216985,37,0,6
89,O-RAN negotiation-based ConMit,2.0,702.2077678681534,605.7637165014805,86.26559605578427,46,1,6
89,O-RAN negotiation-based ConMit,3.0,702.2077678681534,610.0322519835524,86.87346963357605,47,2,6
89,O-RAN negotiation-based ConMit,4.0,702.2077678681534,624.2740860486306,88.90162066191274,48,3,6
89,O-RAN negotiation-based ConMit,5.0,702.2077678681534,629.4308284616715,89.63598200751511,49,4,6
89,O-RAN negotiation-based ConMit,6.0,702.2077678681534,654.595916781682,93.21969176857483,51,5,6
89,O-RAN negotiation-based ConMit,7.0,702.2077678681534,676.7613390264663,96.37622509945449,53,6,6
89,O-RAN negotiation-based ConMit,8.0,702.2077678681534,676.7613390264663,96.37622509945449,53,6,6
89,O-RAN negotiation-based ConMit,9.0,702.2077678681534,676.7613390264663,96.37622509945449,53,6,6
90,Quantum-classical hybrid,1.0,705.3962790261287,550.2655736456633,78.00800628057762,40,0,0
90,Quantum-classical hybrid,1.5,705.3962790261287,672.968820231598,95.40294444999056,52,0,0
90,O-RAN fixed-priority ConMit,1.0,705.3962790261287,538.9688134485306,76.4065291346067,37,0,6
90,O-RAN fixed-priority ConMit,1.5,705.3962790261287,624.6703503435542,88.55594634068316,44,0,6
90,O-RAN negotiation-based ConMit,1.0,705.3962790261287,538.9688134485306,76.4065291346067,37,0,6
90,O-RAN negotiation-based ConMit,2.0,705.3962790261287,627.4444889918317,88.94922012603789,44,1,6
90,O-RAN negotiation-based ConMit,3.0,705.3962790261287,641.3377772307774,90.9187922165126,45,2,6
90,O-RAN negotiation-based ConMit,4.0,705.3962790261287,645.1481389300561,91.45896542305961,46,3,6
90,O-RAN negotiation-based ConMit,5.0,705.3962790261287,652.2922376525124,92.47174347915022,47,4,6
90,O-RAN negotiation-based ConMit,6.0,705.3962790261287,675.7913000300777,95.80307128399888,49,5,6
90,O-RAN negotiation-based ConMit,7.0,705.3962790261287,680.8733075146733,96.52351844762893,50,6,6
90,O-RAN negotiation-based ConMit,8.0,705.3962790261287,680.8733075146733,96.52351844762893,50,6,6
90,O-RAN negotiation-based ConMit,9.0,705.3962790261287,680.8733075146733,96.52351844762893,50,6,6
91,Quantum-classical hybrid,1.0,741.0825673653289,519.5946714881306,70.1129259234063,36,0,0
91,Quantum-classical hybrid,1.5,741.0825673653289,697.0999536072717,94.06508590339365,52,0,0
91,O-RAN fixed-priority ConMit,1.0,741.0825673653289,567.5837467956377,76.58846285016415,38,0,7
91,O-RAN fixed-priority ConMit,1.5,741.0825673653289,656.5331834728242,88.59109799423678,45,0,7
91,O-RAN negotiation-based ConMit,1.0,741.0825673653289,567.5837467956377,76.58846285016415,38,0,7
91,O-RAN negotiation-based ConMit,2.0,741.0825673653289,666.9834432143048,90.00123233036517,47,1,7
91,O-RAN negotiation-based ConMit,3.0,741.0825673653289,666.9834432143048,90.00123233036517,47,2,7
91,O-RAN negotiation-based ConMit,4.0,741.0825673653289,681.9714459868824,92.02367941421204,49,3,7
91,O-RAN negotiation-based ConMit,5.0,741.0825673653289,686.2832716998546,92.6055073916669,50,4,7
91,O-RAN negotiation-based ConMit,6.0,741.0825673653289,686.2832716998546,92.6055073916669,50,5,7
91,O-RAN negotiation-based ConMit,7.0,741.0825673653289,699.7728499820695,94.42576047495999,51,6,7
91,O-RAN negotiation-based ConMit,8.0,741.0825673653289,707.2052370980383,95.42866992705953,52,7,7
91,O-RAN negotiation-based ConMit,9.0,741.0825673653289,707.2052370980383,95.42866992705953,52,7,7
92,Quantum-classical hybrid,1.0,659.6015082142483,419.0320284487716,63.52805796081713,34,0,0
92,Quantum-classical hybrid,1.5,659.6015082142483,603.5707712812945,91.50536555250656,46,0,0
92,O-RAN fixed-priority ConMit,1.0,659.6015082142483,475.2075511944337,72.04464290583145,39,0,8
92,O-RAN fixed-priority ConMit,1.5,659.6015082142483,577.1458893854884,87.49917672990264,46,0,8
92,O-RAN negotiation-based ConMit,1.0,659.6015082142483,475.2075511944337,72.04464290583145,39,0,8
92,O-RAN negotiation-based ConMit,2.0,659.6015082142483,577.1458893854884,87.49917672990264,46,1,8
92,O-RAN negotiation-based ConMit,3.0,659.6015082142483,577.1458893854884,87.49917672990264,46,2,8
92,O-RAN negotiation-based ConMit,4.0,659.6015082142483,577.1458893854884,87.49917672990264,46,3,8
92,O-RAN negotiation-based ConMit,5.0,659.6015082142483,589.9686726322915,89.44319642772268,49,4,8
92,O-RAN negotiation-based ConMit,6.0,659.6015082142483,597.1766708692893,90.53597716688627,50,5,8
92,O-RAN negotiation-based ConMit,7.0,659.6015082142483,608.5324167632054,92.25758419059666,50,6,8
92,O-RAN negotiation-based ConMit,8.0,659.6015082142483,623.3165153433299,94.49895241004627,51,7,8
92,O-RAN negotiation-based ConMit,9.0,659.6015082142483,633.2475815269945,96.00456846155457,51,8,8
93,Quantum-classical hybrid,1.0,733.7962604140139,603.5057127440872,82.2443156638035,41,0,0
93,Quantum-classical hybrid,1.5,733.7962604140139,723.0101851857047,98.53009945536878,50,0,0
93,O-RAN fixed-priority ConMit,1.0,733.7962604140139,582.044810589642,79.31967522718739,39,0,4
93,O-RAN fixed-priority ConMit,1.5,733.7962604140139,664.2968816596363,90.52879082333214,44,0,4
93,O-RAN negotiation-based ConMit,1.0,733.7962604140139,582.044810589642,79.31967522718739,39,0,4
93,O-RAN negotiation-based ConMit,2.0,733.7962604140139,665.9561801759583,90.75491605806499,44,1,4
93,O-RAN negotiation-based ConMit,3.0,733.7962604140139,672.0742038314066,91.58866569478248,45,2,4
93,O-RAN negotiation-based ConMit,4.0,733.7962604140139,683.1831591840194,93.10256757080798,46,3,4
93,O-RAN negotiation-based ConMit,5.0,733.7962604140139,698.4880300930565,95.18827878721594,48,4,4
93,O-RAN negotiation-based ConMit,6.0,733.7962604140139,698.4880300930565,95.18827878721594,48,4,4
93,O-RAN negotiation-based ConMit,7.0,733.7962604140139,698.4880300930565,95.18827878721594,48,4,4
93,O-RAN negotiation-based ConMit,8.0,733.7962604140139,698.4880300930565,95.18827878721594,48,4,4
93,O-RAN negotiation-based ConMit,9.0,733.7962604140139,698.4880300930565,95.18827878721594,48,4,4
94,Quantum-classical hybrid,1.0,674.7947023004206,419.87813302709816,62.223092682219544,31,0,0
94,Quantum-classical hybrid,1.5,674.7947023004206,614.3536732474947,91.04304926418682,45,0,0
94,O-RAN fixed-priority ConMit,1.0,674.7947023004206,383.91471284509424,56.89355763112887,28,0,7
94,O-RAN fixed-priority ConMit,1.5,674.7947023004206,538.0372430491956,79.73347170850488,38,0,7
94,O-RAN negotiation-based ConMit,1.0,674.7947023004206,383.91471284509424,56.89355763112887,28,0,7
94,O-RAN negotiation-based ConMit,2.0,674.7947023004206,558.537021959081,82.77139996134983,40,1,7
94,O-RAN negotiation-based ConMit,3.0,674.7947023004206,566.5016872766304,83.95170936366098,41,2,7
94,O-RAN negotiation-based ConMit,4.0,674.7947023004206,577.5293900814279,85.58594015521926,42,3,7
94,O-RAN negotiation-based ConMit,5.0,674.7947023004206,577.5293900814279,85.58594015521926,42,4,7
94,O-RAN negotiation-based ConMit,6.0,674.7947023004206,578.8838072454602,85.78665559643642,42,5,7
94,O-RAN negotiation-based ConMit,7.0,674.7947023004206,601.1108359063235,89.08055055220443,44,6,7
94,O-RAN negotiation-based ConMit,8.0,674.7947023004206,645.067532692208,95.59463500426565,47,7,7
94,O-RAN negotiation-based ConMit,9.0,674.7947023004206,645.067532692208,95.59463500426565,47,7,7
95,Quantum-classical hybrid,1.0,655.0716304753561,378.74521815525355,57.8173745488589,29,0,0
95,Quantum-classical hybrid,1.5,655.0716304753561,582.0100243479967,88.84677602747935,45,0,0
95,O-RAN fixed-priority ConMit,1.0,655.0716304753561,427.9695426802668,65.33171683373136,34,0,5
95,O-RAN fixed-priority ConMit,1.5,655.0716304753561,550.7007325280151,84.0672541609528,41,0,5
95,O-RAN negotiation-based ConMit,1.0,655.0716304753561,427.9695426802668,65.33171683373136,34,0,5
95,O-RAN negotiation-based ConMit,2.0,655.0716304753561,555.623192000146,84.81869251412326,41,1,5
95,O-RAN negotiation-based ConMit,3.0,655.0716304753561,577.0687314812201,88.09246266129205,43,2,5
95,O-RAN negotiation-based ConMit,4.0,655.0716304753561,597.1505086207787,91.1580475844227,44,3,5
95,O-RAN negotiation-based ConMit,5.0,655.0716304753561,627.7557665284055,95.83009511080053,47,4,5
95,O-RAN negotiation-based ConMit,6.0,655.0716304753561,632.3725164380797,96.53486535193035,48,5,5
95,O-RAN negotiation-based ConMit,7.0,655.0716304753561,632.3725164380797,96.53486535193035,48,5,5
95,O-RAN negotiation-based ConMit,8.0,655.0716304753561,632.3725164380797,96.53486535193035,48,5,5
95,O-RAN negotiation-based ConMit,9.0,655.0716304753561,632.3725164380797,96.53486535193035,48,5,5
96,Quantum-classical hybrid,1.0,674.4017675504108,547.6017755075377,81.19815247468269,40,0,0
96,Quantum-classical hybrid,1.5,674.4017675504108,647.6670964816714,96.03579463235303,51,0,0
96,O-RAN fixed-priority ConMit,1.0,674.4017675504108,517.2253792555242,76.69395368493933,35,0,4
96,O-RAN fixed-priority ConMit,1.5,674.4017675504108,600.6082863345919,89.05793478509781,42,0,4
96,O-RAN negotiation-based ConMit,1.0,674.4017675504108,517.2253792555242,76.69395368493933,35,0,4
96,O-RAN negotiation-based ConMit,2.0,674.4017675504108,605.7187691370485,89.81571494647243,43,1,4
96,O-RAN negotiation-based ConMit,3.0,674.4017675504108,625.8745661317935,92.8044077353356,45,2,4
96,O-RAN negotiation-based ConMit,4.0,674.4017675504108,634.0882911721332,94.02233530248506,46,3,4
96,O-RAN negotiation-based ConMit,5.0,674.4017675504108,652.9559806726934,96.82002807382702,48,4,4
96,O-RAN negotiation-based ConMit,6.0,674.4017675504108,652.9559806726934,96.82002807382702,48,4,4
96,O-RAN negotiation-based ConMit,7.0,674.4017675504108,652.9559806726934,96.82002807382702,48,4,4
96,O-RAN negotiation-based ConMit,8.0,674.4017675504108,652.9559806726934,96.82002807382702,48,4,4
96,O-RAN negotiation-based ConMit,9.0,674.4017675504108,652.9559806726934,96.82002807382702,48,4,4
97,Quantum-classical hybrid,1.0,705.9079407869094,445.23739936730533,63.0730118818295,32,0,0
97,Quantum-classical hybrid,1.5,705.9079407869094,671.1003535901688,95.06910388939117,49,0,0
97,O-RAN fixed-priority ConMit,1.0,705.9079407869094,349.26455677724874,49.47735201673844,26,0,7
97,O-RAN fixed-priority ConMit,1.5,705.9079407869094,539.6188856518419,76.4432377754956,39,0,7
97,O-RAN negotiation-based ConMit,1.0,705.9079407869094,349.26455677724874,49.47735201673844,26,0,7
97,O-RAN negotiation-based ConMit,2.0,705.9079407869094,545.0903364776608,77.21833187908645,40,1,7
97,O-RAN negotiation-based ConMit,3.0,705.9079407869094,571.1730289705657,80.91324604364866,42,2,7
97,O-RAN negotiation-based ConMit,4.0,705.9079407869094,582.5445232533496,82.52414933935425,43,3,7
97,O-RAN negotiation-based ConMit,5.0,705.9079407869094,612.0688963168457,86.70661724452953,45,4,7
97,O-RAN negotiation-based ConMit,6.0,705.9079407869094,634.6505739350281,89.9055722800841,46,5,7
97,O-RAN negotiation-based ConMit,7.0,705.9079407869094,664.3362164049278,94.1108858563569,48,6,7
97,O-RAN negotiation-based ConMit,8.0,705.9079407869094,678.5983236979916,96.131277818114,49,7,7
97,O-RAN negotiation-based ConMit,9.0,705.9079407869094,678.5983236979916,96.131277818114,49,7,7
98,Quantum-classical hybrid,1.0,682.5315158923726,481.0001345187906,70.47295594693664,33,0,0
98,Quantum-classical hybrid,1.5,682.5315158923726,657.4806142254477,96.32970770087118,48,0,0
98,O-RAN fixed-priority ConMit,1.0,682.5315158923726,448.64583820165683,65.7326186051756,31,0,7
98,O-RAN fixed-priority ConMit,1.5,682.5315158923726,571.87289483795,83.78703129777934,41,0,7
98,O-RAN negotiation-based ConMit,1.0,682.5315158923726,448.64583820165683,65.7326186051756,31,0,7
98,O-RAN negotiation-based ConMit,2.0,682.5315158923726,580.4152270301956,85.03859726848431,42,1,7
98,O-RAN negotiation-based ConMit,3.0,682.5315158923726,581.7168247813122,85.2292987556405,42,2,7
98,O-RAN negotiation-based ConMit,4.0,682.5315158923726,597.0317035324053,87.47313342034018,44,3,7
98,O-RAN negotiation-based ConMit,5.0,682.5315158923726,616.8051096312093,90.37020200082196,46,4,7
98,O-RAN negotiation-based ConMit,6.0,682.5315158923726,642.716486804752,94.16656547565212,48,5,7
98,O-RAN negotiation-based ConMit,7.0,682.5315158923726,657.062573715638,96.26845917240388,49,6,7
98,O-RAN negotiation-based ConMit,8.0,682.5315158923726,669.3963245752933,98.0755187106773,51,7,7
98,O-RAN negotiation-based ConMit,9.0,682.5315158923726,669.3963245752933,98.0755187106773,51,7,7
99,Quantum-classical hybrid,1.0,750.0637827733218,533.6372819291201,71.14558710674231,38,0,0
99,Quantum-classical hybrid,1.5,750.0637827733218,729.2510703041186,97.22520764937492,51,0,0
99,O-RAN fixed-priority ConMit,1.0,750.0637827733218,568.1728084646896,75.74993240760142,39,0,6
99,O-RAN fixed-priority ConMit,1.5,750.0637827733218,667.9962861503367,89.0585976142529,46,0,6
99,O-RAN negotiation-based ConMit,1.0,750.0637827733218,568.1728084646896,75.74993240760142,39,0,6
99,O-RAN negotiation-based ConMit,2.0,750.0637827733218,670.6231630913479,89.40881808901021,47,1,6
99,O-RAN negotiation-based ConMit,3.0,750.0637827733218,670.6231630913479,89.40881808901021,47,2,6
99,O-RAN negotiation-based ConMit,4.0,750.0637827733218,674.4625320475474,89.92069041832113,48,3,6
99,O-RAN negotiation-based ConMit,5.0,750.0637827733218,695.2752445167507,92.69548276894622,50,4,6
99,O-RAN negotiation-based ConMit,6.0,750.0637827733218,723.3685436005433,96.44093745280243,53,5,6
99,O-RAN negotiation-based ConMit,7.0,750.0637827733218,734.4657242908942,97.92043572284551,55,6,6
99,O-RAN negotiation-based ConMit,8.0,750.0637827733218,734.4657242908942,97.92043572284551,55,6,6
99,O-RAN negotiation-based ConMit,9.0,750.0637827733218,734.4657242908942,97.92043572284551,55,6,6
