ordering,seed,normalized_utility,selected_ues,resolved,rounds,switches,measured_switches,completion_switches,completion_domains,cumulative_masked_assignments,gap_decisions,non_yielding_retention_decisions,priority_completion_decisions,repaired_state_priority_decisions,unresolved_conflicts
ascending,0,95.62903445622754,50,True,10,10,7,3,2,5,5,2,3,0,0
descending,0,93.70074641319275,49,True,10,10,8,2,2,4,4,4,2,0,0
random_00,0,96.82400601308339,51,True,10,10,8,2,1,5,5,3,2,0,0
random_01,0,93.70074641319275,49,True,10,10,8,2,2,4,5,3,2,0,0
random_02,0,92.50577485633691,48,True,10,10,7,3,3,5,5,2,3,0,0
random_03,0,95.77129029478921,50,True,10,10,7,3,2,4,4,3,3,0,0
random_04,0,93.70074641319275,49,True,10,10,8,2,2,4,5,3,2,0,0
random_05,0,93.70074641319275,49,True,10,10,8,2,2,4,5,3,2,0,0
random_06,0,93.70074641319275,49,True,10,10,8,2,2,4,4,4,2,0,0
random_07,0,96.82400601308339,51,True,10,10,8,2,1,5,5,3,2,0,0
random_08,0,96.82400601308339,51,True,10,10,8,2,1,5,5,3,2,0,0
random_09,0,96.82400601308339,51,True,10,10,8,2,1,5,5,3,2,0,0
random_10,0,92.50577485633691,48,True,10,10,7,3,3,5,4,3,3,0,0
random_11,0,96.82400601308339,51,True,10,10,8,2,1,5,5,3,2,0,0
random_12,0,95.62903445622754,50,True,10,10,8,2,2,4,5,3,2,0,0
random_13,0,93.70074641319275,49,True,10,10,8,2,2,4,5,3,2,0,0
random_14,0,93.70074641319275,49,True,10,10,8,2,2,4,4,4,2,0,0
random_15,0,95.77129029478921,50,True,10,10,7,3,2,4,4,3,3,0,0
random_16,0,92.50577485633691,48,True,10,10,7,3,3,5,4,3,3,0,0
random_17,0,95.62903445622754,50,True,10,10,7,3,2,5,5,2,3,0,0
random_18,0,95.62903445622754,50,True,10,10,7,3,2,5,5,2,3,0,0
random_19,0,95.62903445622754,50,True,10,10,7,3,2,5,5,2,3,0,0
ascending,1,99.96946518840026,51,True,10,10,10,0,0,0,5,5,0,0,0
descending,1,93.33870131098944,48,True,10,10,9,1,1,3,4,5,1,0,0
random_00,1,100.0,52,True,8,8,8,0,0,0,3,5,0,0,0
random_01,1,97.57620137194291,50,True,10,10,9,1,1,2,5,4,1,0,0
random_02,1,97.57620137194291,50,True,10,10,9,1,1,2,6,3,1,0,0
random_03,1,96.6425685300118,50,True,9,9,8,1,1,2,3,5,1,0,0
random_04,1,100.0,52,True,8,8,8,0,0,0,4,4,0,0,0
random_05,1,96.72371393201313,50,True,10,10,9,1,1,2,4,5,1,0,0
random_06,1,97.57620137194291,50,True,10,10,9,1,1,2,5,4,1,0,0
random_07,1,99.96946518840026,51,True,10,10,10,0,0,0,6,4,0,0,0
random_08,1,97.57620137194291,50,True,10,10,9,1,1,2,5,4,1,0,0
random_09,1,99.96946518840026,51,True,10,10,10,0,0,0,4,6,0,0,0
random_10,1,93.33870131098944,48,True,10,10,9,1,1,3,4,5,1,0,0
random_11,1,100.0,52,True,8,8,8,0,0,0,3,5,0,0,0
random_12,1,99.96946518840026,51,True,10,10,10,0,0,0,4,6,0,0,0
random_13,1,100.0,52,True,8,8,8,0,0,0,3,5,0,0,0
random_14,1,93.25755590898811,48,True,9,9,8,1,1,3,3,5,1,0,0
random_15,1,97.49505596994159,50,True,9,9,8,1,1,2,5,3,1,0,0
random_16,1,100.0,52,True,9,9,9,0,0,0,4,5,0,0,0
random_17,1,99.96946518840026,51,True,10,10,10,0,0,0,4,6,0,0,0
random_18,1,97.57620137194291,50,True,10,10,9,1,1,2,5,4,1,0,0
random_19,1,97.49505596994159,50,True,9,9,8,1,1,2,5,3,1,0,0
ascending,2,100.00000000000001,51,True,5,5,5,0,0,0,4,1,0,0,0
descending,2,100.00000000000001,51,True,5,5,5,0,0,0,4,1,0,0,0
random_00,2,100.00000000000001,51,True,5,5,5,0,0,0,4,1,0,0,0
random_01,2,100.00000000000001,51,True,5,5,5,0,0,0,4,1,0,0,0
random_02,2,100.00000000000001,51,True,5,5,5,0,0,0,4,1,0,0,0
random_03,2,100.00000000000001,51,True,5,5,5,0,0,0,4,1,0,0,0
random_04,2,100.00000000000001,51,True,5,5,5,0,0,0,4,1,0,0,0
random_05,2,100.00000000000001,51,True,5,5,5,0,0,0,4,1,0,0,0
random_06,2,100.00000000000001,51,True,5,5,5,0,0,0,4,1,0,0,0
random_07,2,100.00000000000001,51,True,5,5,5,0,0,0,4,1,0,0,0
random_08,2,100.00000000000001,51,True,5,5,5,0,0,0,4,1,0,0,0
random_09,2,100.00000000000001,51,True,5,5,5,0,0,0,4,1,0,0,0
random_10,2,100.00000000000001,51,True,5,5,5,0,0,0,4,1,0,0,0
random_11,2,100.00000000000001,51,True,5,5,5,0,0,0,4,1,0,0,0
random_12,2,100.00000000000001,51,True,5,5,5,0,0,0,4,1,0,0,0
random_13,2,100.00000000000001,51,True,5,5,5,0,0,0,4,1,0,0,0
random_14,2,100.00000000000001,51,True,5,5,5,0,0,0,4,1,0,0,0
random_15,2,100.00000000000001,51,True,5,5,5,0,0,0,4,1,0,0,0
random_16,2,100.00000000000001,51,True,5,5,5,0,0,0,4,1,0,0,0
random_17,2,100.00000000000001,51,True,5,5,5,0,0,0,4,1,0,0,0
random_18,2,100.00000000000001,51,True,5,5,5,0,0,0,4,1,0,0,0
random_19,2,100.00000000000001,51,True,5,5,5,0,0,0,4,1,0,0,0
ascending,3,99.59878886713508,53,True,9,9,8,1,1,1,6,2,1,0,0
descending,3,99.76374144077491,52,True,9,9,9,0,0,0,5,4,0,0,0
random_00,3,99.59878886713508,53,True,9,9,8,1,1,1,5,3,1,0,0
random_01,3,99.59878886713508,53,True,9,9,8,1,1,1,4,4,1,0,0
random_02,3,99.76374144077491,52,True,9,9,9,0,0,0,5,4,0,0,0
random_03,3,99.76374144077491,52,True,9,9,9,0,0,0,5,4,0,0,0
random_04,3,99.59878886713508,53,True,9,9,8,1,1,1,5,3,1,0,0
random_05,3,99.59878886713508,53,True,9,9,8,1,1,1,7,1,1,0,0
random_06,3,99.59878886713508,53,True,9,9,8,1,1,1,4,4,1,0,0
random_07,3,99.59878886713508,53,True,9,9,8,1,1,1,4,4,1,0,0
random_08,3,99.59878886713508,53,True,9,9,8,1,1,1,6,2,1,0,0
random_09,3,99.76374144077491,52,True,9,9,9,0,0,0,6,3,0,0,0
random_10,3,99.76374144077491,52,True,9,9,9,0,0,0,5,4,0,0,0
random_11,3,99.76374144077491,52,True,9,9,9,0,0,0,6,3,0,0,0
random_12,3,99.59878886713508,53,True,9,9,8,1,1,1,6,2,1,0,0
random_13,3,99.76374144077491,52,True,9,9,9,0,0,0,5,4,0,0,0
random_14,3,99.76374144077491,52,True,9,9,9,0,0,0,6,3,0,0,0
random_15,3,99.59878886713508,53,True,9,9,8,1,1,1,5,3,1,0,0
random_16,3,99.76374144077491,52,True,9,9,9,0,0,0,6,3,0,0,0
random_17,3,99.59878886713508,53,True,9,9,8,1,1,1,4,4,1,0,0
random_18,3,99.59878886713508,53,True,9,9,8,1,1,1,4,4,1,0,0
random_19,3,99.76374144077491,52,True,9,9,9,0,0,0,6,3,0,0,0
ascending,4,99.82826084149595,55,True,7,7,7,0,0,0,4,3,0,0,0
descending,4,99.82826084149595,55,True,7,7,7,0,0,0,4,3,0,0,0
random_00,4,99.82826084149595,55,True,7,7,7,0,0,0,4,3,0,0,0
random_01,4,99.82826084149595,55,True,7,7,7,0,0,0,4,3,0,0,0
random_02,4,99.82826084149595,55,True,7,7,7,0,0,0,4,3,0,0,0
random_03,4,99.82826084149595,55,True,7,7,7,0,0,0,4,3,0,0,0
random_04,4,99.82826084149595,55,True,7,7,7,0,0,0,4,3,0,0,0
random_05,4,99.82826084149595,55,True,7,7,7,0,0,0,4,3,0,0,0
random_06,4,99.82826084149595,55,True,7,7,7,0,0,0,4,3,0,0,0
random_07,4,99.82826084149595,55,True,7,7,7,0,0,0,4,3,0,0,0
random_08,4,99.82826084149595,55,True,7,7,7,0,0,0,4,3,0,0,0
random_09,4,99.82826084149595,55,True,7,7,7,0,0,0,4,3,0,0,0
random_10,4,99.82826084149595,55,True,7,7,7,0,0,0,4,3,0,0,0
random_11,4,99.82826084149595,55,True,7,7,7,0,0,0,4,3,0,0,0
random_12,4,99.82826084149595,55,True,7,7,7,0,0,0,4,3,0,0,0
random_13,4,99.82826084149595,55,True,7,7,7,0,0,0,4,3,0,0,0
random_14,4,99.82826084149595,55,True,7,7,7,0,0,0,4,3,0,0,0
random_15,4,99.82826084149595,55,True,7,7,7,0,0,0,4,3,0,0,0
random_16,4,99.82826084149595,55,True,7,7,7,0,0,0,4,3,0,0,0
random_17,4,99.82826084149595,55,True,7,7,7,0,0,0,4,3,0,0,0
random_18,4,99.82826084149595,55,True,7,7,7,0,0,0,4,3,0,0,0
random_19,4,99.82826084149595,55,True,7,7,7,0,0,0,4,3,0,0,0
ascending,5,97.48045639154556,45,True,9,9,8,1,1,1,4,4,1,0,0
descending,5,96.04011769535391,44,True,10,10,9,1,1,2,2,7,1,0,0
random_00,5,96.12104828379638,43,True,10,10,9,1,1,2,4,5,1,0,0
random_01,5,98.03279500269593,44,True,10,10,9,1,1,1,4,5,1,0,0
random_02,5,96.44866051859113,44,True,9,9,8,1,1,2,5,3,1,0,0
random_03,5,96.36772993014866,45,True,9,9,8,1,1,2,4,4,1,0,0
random_04,5,96.04011769535391,44,True,10,10,9,1,1,2,5,4,1,0,0
random_05,5,95.56870967264602,44,True,9,9,8,1,1,2,4,4,1,0,0
random_06,5,92.56608825357196,42,True,10,10,7,3,3,5,4,3,3,0,0
random_07,5,94.47783497247148,43,True,10,10,7,3,3,4,5,2,3,0,0
random_08,5,96.36772993014866,45,True,9,9,8,1,1,2,4,4,1,0,0
random_09,5,96.04011769535391,44,True,10,10,9,1,1,2,3,6,1,0,0
random_10,5,95.56870967264602,44,True,9,9,8,1,1,2,3,5,1,0,0
random_11,5,94.47783497247148,43,True,10,10,7,3,3,4,5,2,3,0,0
random_12,5,92.89472170648924,42,True,10,10,7,3,3,5,5,2,3,0,0
random_13,5,91.68613740762687,42,True,10,10,7,3,3,5,4,3,3,0,0
random_14,5,98.36040723749066,45,True,9,9,8,1,1,1,5,3,1,0,0
random_15,5,96.44866051859113,44,True,9,9,8,1,1,2,4,4,1,0,0
random_16,5,97.39952580310309,46,True,9,9,8,1,1,1,4,4,1,0,0
random_17,5,97.39952580310309,46,True,9,9,8,1,1,1,4,4,1,0,0
random_18,5,95.48777908420355,45,True,9,9,8,1,1,2,4,4,1,0,0
random_19,5,95.24109743785131,43,True,10,10,9,1,1,2,5,4,1,0,0
ascending,6,99.97628115568173,49,True,4,4,4,0,0,0,4,0,0,0,0
descending,6,100.0,49,True,4,4,4,0,0,0,3,1,0,0,0
random_00,6,100.0,49,True,4,4,4,0,0,0,3,1,0,0,0
random_01,6,100.0,49,True,4,4,4,0,0,0,4,0,0,0,0
random_02,6,99.97628115568173,49,True,4,4,4,0,0,0,4,0,0,0,0
random_03,6,100.0,49,True,4,4,4,0,0,0,3,1,0,0,0
random_04,6,99.97628115568173,49,True,4,4,4,0,0,0,4,0,0,0,0
random_05,6,99.97628115568173,49,True,4,4,4,0,0,0,4,0,0,0,0
random_06,6,100.0,49,True,4,4,4,0,0,0,3,1,0,0,0
random_07,6,100.0,49,True,4,4,4,0,0,0,3,1,0,0,0
random_08,6,100.0,49,True,4,4,4,0,0,0,3,1,0,0,0
random_09,6,100.0,49,True,4,4,4,0,0,0,3,1,0,0,0
random_10,6,100.0,49,True,4,4,4,0,0,0,4,0,0,0,0
random_11,6,99.97628115568173,49,True,4,4,4,0,0,0,4,0,0,0,0
random_12,6,99.97628115568173,49,True,4,4,4,0,0,0,4,0,0,0,0
random_13,6,99.97628115568173,49,True,4,4,4,0,0,0,4,0,0,0,0
random_14,6,100.0,49,True,4,4,4,0,0,0,3,1,0,0,0
random_15,6,100.0,49,True,4,4,4,0,0,0,3,1,0,0,0
random_16,6,100.0,49,True,4,4,4,0,0,0,3,1,0,0,0
random_17,6,99.97628115568173,49,True,4,4,4,0,0,0,3,1,0,0,0
random_18,6,99.97628115568173,49,True,4,4,4,0,0,0,4,0,0,0,0
random_19,6,99.97628115568173,49,True,4,4,4,0,0,0,4,0,0,0,0
ascending,7,100.0,53,True,9,9,9,0,0,0,4,5,0,0,0
descending,7,100.0,53,True,9,9,9,0,0,0,6,3,0,0,0
random_00,7,100.0,53,True,9,9,9,0,0,0,4,5,0,0,0
random_01,7,100.0,53,True,9,9,9,0,0,0,5,4,0,0,0
random_02,7,100.0,53,True,9,9,9,0,0,0,4,5,0,0,0
random_03,7,100.0,53,True,9,9,9,0,0,0,5,4,0,0,0
random_04,7,100.0,53,True,9,9,9,0,0,0,5,4,0,0,0
random_05,7,100.0,53,True,9,9,9,0,0,0,4,5,0,0,0
random_06,7,100.0,53,True,9,9,9,0,0,0,5,4,0,0,0
random_07,7,100.0,53,True,9,9,9,0,0,0,4,5,0,0,0
random_08,7,100.0,53,True,9,9,9,0,0,0,5,4,0,0,0
random_09,7,100.0,53,True,9,9,9,0,0,0,4,5,0,0,0
random_10,7,100.0,53,True,9,9,9,0,0,0,5,4,0,0,0
random_11,7,100.0,53,True,9,9,9,0,0,0,4,5,0,0,0
random_12,7,100.0,53,True,9,9,9,0,0,0,4,5,0,0,0
random_13,7,100.0,53,True,9,9,9,0,0,0,6,3,0,0,0
random_14,7,100.0,53,True,9,9,9,0,0,0,5,4,0,0,0
random_15,7,100.0,53,True,9,9,9,0,0,0,5,4,0,0,0
random_16,7,100.0,53,True,9,9,9,0,0,0,5,4,0,0,0
random_17,7,100.0,53,True,9,9,9,0,0,0,4,5,0,0,0
random_18,7,100.0,53,True,9,9,9,0,0,0,5,4,0,0,0
random_19,7,100.0,53,True,9,9,9,0,0,0,5,4,0,0,0
ascending,8,88.0718901279644,45,True,11,11,6,5,4,8,1,5,5,0,0
descending,8,89.37142979164592,47,True,11,11,8,3,3,6,6,2,3,0,0
random_00,8,89.3858084606732,46,True,11,11,7,4,4,7,4,3,4,0,0
random_01,8,87.49969855011243,45,True,11,11,7,4,4,9,5,2,4,0,0
random_02,8,89.49130178075887,46,True,12,12,8,4,3,8,5,3,4,0,0
random_03,8,89.37142979164592,47,True,11,11,8,3,3,6,5,3,3,0,0
random_04,8,89.37142979164592,47,True,11,11,8,3,3,6,6,2,3,0,0
random_05,8,90.09151746069281,47,True,11,11,8,3,3,5,3,5,3,0,0
random_06,8,88.21978621915929,45,True,11,11,7,4,4,8,4,3,4,0,0
random_07,8,88.21978621915929,45,True,11,11,7,4,4,8,4,3,4,0,0
random_08,8,87.49969855011243,45,True,11,11,7,4,4,9,5,2,4,0,0
random_09,8,90.17521587735952,46,True,11,11,7,4,4,7,3,4,4,0,0
random_10,8,90.17521587735952,46,True,11,11,7,4,4,7,3,4,4,0,0
random_11,8,87.49969855011243,45,True,11,11,7,4,4,9,5,2,4,0,0
random_12,8,90.09151746069281,47,True,11,11,8,3,3,5,4,4,3,0,0
random_13,8,95.46521912595999,50,True,11,11,9,2,2,2,3,6,2,0,0
random_14,8,89.3858084606732,46,True,11,11,7,4,4,7,4,3,4,0,0
random_15,8,88.21978621915929,45,True,11,11,7,4,4,8,5,2,4,0,0
random_16,8,89.37142979164592,47,True,11,11,8,3,3,6,4,4,3,0,0
random_17,8,87.35180245891752,45,True,11,11,7,4,4,8,3,4,4,0,0
random_18,8,86.81786088048392,45,True,11,11,6,5,5,9,4,2,5,0,0
random_19,8,89.49130178075887,46,True,11,11,7,4,3,8,4,3,4,0,0
ascending,9,91.25691367239133,47,True,13,13,11,2,2,4,3,8,2,0,0
descending,9,92.42535238340342,45,True,11,11,8,3,2,7,4,4,3,0,0
random_00,9,92.42535238340342,45,True,11,11,8,3,2,7,5,3,3,0,0
random_01,9,88.24852405879058,44,True,11,11,8,3,3,6,5,3,3,0,0
random_02,9,89.11577183404822,45,True,12,12,8,4,3,7,3,5,4,0,0
random_03,9,86.46360481456745,43,True,10,10,6,4,3,9,3,3,4,0,0
random_04,9,91.25691367239133,47,True,13,13,10,3,2,5,2,8,3,0,0
random_05,9,88.0488883819345,45,True,11,11,8,3,3,6,2,6,3,0,0
random_06,9,94.21027162762654,46,True,12,12,10,2,2,4,5,5,2,0,0
random_07,9,88.24852405879058,44,True,11,11,8,3,3,6,3,5,3,0,0
random_08,9,94.56477681835263,47,True,13,13,10,3,2,5,3,7,3,0,0
random_09,9,91.25691367239133,47,True,13,13,11,2,2,4,3,8,2,0,0
random_10,9,88.24852405879058,44,True,11,11,8,3,3,6,5,3,3,0,0
random_11,9,88.24852405879058,44,True,11,11,7,4,3,7,3,4,4,0,0
random_12,9,92.42535238340342,45,True,11,11,8,3,2,7,4,4,3,0,0
random_13,9,88.24852405879058,44,True,11,11,7,4,3,7,2,5,4,0,0
random_14,9,86.46360481456745,43,True,10,10,6,4,3,9,4,2,4,0,0
random_15,9,87.33085258982511,44,True,11,11,7,4,3,9,3,4,4,0,0
random_16,9,90.19003022027762,47,True,12,12,10,2,2,4,2,8,2,0,0
random_17,9,87.18164060667684,44,True,10,10,7,3,3,6,4,3,3,0,0
random_18,9,88.24852405879058,44,True,11,11,8,3,3,6,5,3,3,0,0
random_19,9,92.42535238340342,45,True,11,11,8,3,2,7,5,3,3,0,0
ascending,10,100.0,50,True,10,10,10,0,0,0,8,2,0,0,0
descending,10,100.0,50,True,10,10,10,0,0,0,8,2,0,0,0
random_00,10,100.0,50,True,10,10,10,0,0,0,8,2,0,0,0
random_01,10,100.0,50,True,10,10,10,0,0,0,8,2,0,0,0
random_02,10,100.0,50,True,10,10,10,0,0,0,7,3,0,0,0
random_03,10,100.0,50,True,10,10,10,0,0,0,8,2,0,0,0
random_04,10,100.0,50,True,10,10,10,0,0,0,9,1,0,0,0
random_05,10,100.0,50,True,10,10,10,0,0,0,7,3,0,0,0
random_06,10,100.0,50,True,10,10,10,0,0,0,8,2,0,0,0
random_07,10,100.0,50,True,10,10,10,0,0,0,7,3,0,0,0
random_08,10,100.0,50,True,10,10,10,0,0,0,8,2,0,0,0
random_09,10,100.0,50,True,10,10,10,0,0,0,8,2,0,0,0
random_10,10,100.0,50,True,10,10,10,0,0,0,9,1,0,0,0
random_11,10,100.0,50,True,10,10,10,0,0,0,8,2,0,0,0
random_12,10,100.0,50,True,10,10,10,0,0,0,8,2,0,0,0
random_13,10,100.0,50,True,10,10,10,0,0,0,8,2,0,0,0
random_14,10,100.0,50,True,10,10,10,0,0,0,8,2,0,0,0
random_15,10,100.0,50,True,10,10,10,0,0,0,8,2,0,0,0
random_16,10,100.0,50,True,10,10,10,0,0,0,9,1,0,0,0
random_17,10,100.0,50,True,10,10,10,0,0,0,7,3,0,0,0
random_18,10,100.0,50,True,10,10,10,0,0,0,8,2,0,0,0
random_19,10,100.0,50,True,10,10,10,0,0,0,8,2,0,0,0
ascending,11,91.39766548767436,50,True,10,10,8,2,2,4,6,2,2,0,0
descending,11,91.36400113820974,50,True,10,10,8,2,2,4,5,3,2,0,0
random_00,11,90.75209506995043,49,True,10,10,7,3,2,7,6,1,3,0,0
random_01,11,92.03988448570287,51,True,11,11,9,2,2,4,6,3,2,0,0
random_02,11,91.36400113820974,50,True,10,10,8,2,2,4,5,3,2,0,0
random_03,11,92.08320909419974,51,True,11,11,9,2,2,4,6,3,2,0,0
random_04,11,92.0735488351675,51,True,11,11,9,2,2,4,6,3,2,0,0
random_05,11,90.75209506995043,49,True,10,10,8,2,2,5,7,1,2,0,0
random_06,11,92.0735488351675,51,True,11,11,9,2,2,4,6,3,2,0,0
random_07,11,92.0735488351675,51,True,11,11,9,2,2,4,6,3,2,0,0
random_08,11,91.39766548767436,50,True,10,10,8,2,2,4,6,2,2,0,0
random_09,11,91.36400113820974,50,True,10,10,8,2,2,4,6,2,2,0,0
random_10,11,91.36400113820974,50,True,10,10,8,2,2,4,5,3,2,0,0
random_11,11,92.08320909419974,51,True,11,11,9,2,2,4,6,3,2,0,0
random_12,11,91.36400113820974,50,True,10,10,8,2,2,4,6,2,2,0,0
random_13,11,91.39766548767436,50,True,10,10,8,2,2,4,6,2,2,0,0
random_14,11,91.43763867647581,50,True,11,11,9,2,2,5,6,3,2,0,0
random_15,11,92.6854549034268,52,True,11,11,9,2,2,3,5,4,2,0,0
random_16,11,91.39766548767436,50,True,10,10,8,2,2,4,6,2,2,0,0
random_17,11,92.08320909419974,51,True,11,11,9,2,2,4,6,3,2,0,0
random_18,11,92.03988448570287,51,True,11,11,9,2,2,4,6,3,2,0,0
random_19,11,91.39766548767436,50,True,10,10,8,2,2,4,6,2,2,0,0
ascending,12,99.43383607366329,49,True,8,8,8,0,0,0,5,3,0,0,0
descending,12,99.43383607366329,49,True,8,8,8,0,0,0,6,2,0,0,0
random_00,12,99.43383607366329,49,True,8,8,8,0,0,0,5,3,0,0,0
random_01,12,99.43383607366329,49,True,8,8,8,0,0,0,6,2,0,0,0
random_02,12,99.43383607366329,49,True,8,8,8,0,0,0,6,2,0,0,0
random_03,12,99.43383607366329,49,True,8,8,8,0,0,0,6,2,0,0,0
random_04,12,99.43383607366329,49,True,8,8,8,0,0,0,5,3,0,0,0
random_05,12,99.43383607366329,49,True,8,8,8,0,0,0,5,3,0,0,0
random_06,12,99.43383607366329,49,True,8,8,8,0,0,0,6,2,0,0,0
random_07,12,99.43383607366329,49,True,8,8,8,0,0,0,6,2,0,0,0
random_08,12,99.43383607366329,49,True,8,8,8,0,0,0,6,2,0,0,0
random_09,12,99.43383607366329,49,True,8,8,8,0,0,0,5,3,0,0,0
random_10,12,99.43383607366329,49,True,8,8,8,0,0,0,5,3,0,0,0
random_11,12,99.43383607366329,49,True,8,8,8,0,0,0,5,3,0,0,0
random_12,12,99.43383607366329,49,True,8,8,8,0,0,0,5,3,0,0,0
random_13,12,99.43383607366329,49,True,8,8,8,0,0,0,6,2,0,0,0
random_14,12,99.43383607366329,49,True,8,8,8,0,0,0,5,3,0,0,0
random_15,12,99.43383607366329,49,True,8,8,8,0,0,0,6,2,0,0,0
random_16,12,99.43383607366329,49,True,8,8,8,0,0,0,6,2,0,0,0
random_17,12,99.43383607366329,49,True,8,8,8,0,0,0,5,3,0,0,0
random_18,12,99.43383607366329,49,True,8,8,8,0,0,0,5,3,0,0,0
random_19,12,99.43383607366329,49,True,8,8,8,0,0,0,5,3,0,0,0
ascending,13,99.56934033002918,49,True,10,10,10,0,0,0,5,5,0,0,0
descending,13,99.26135848193486,51,True,10,10,10,0,0,0,5,5,0,0,0
random_00,13,99.26135848193486,51,True,10,10,10,0,0,0,5,5,0,0,0
random_01,13,99.26135848193486,51,True,10,10,10,0,0,0,5,5,0,0,0
random_02,13,99.56934033002918,49,True,10,10,10,0,0,0,5,5,0,0,0
random_03,13,99.56934033002918,49,True,10,10,10,0,0,0,5,5,0,0,0
random_04,13,99.56934033002918,49,True,10,10,10,0,0,0,5,5,0,0,0
random_05,13,99.56934033002918,49,True,10,10,10,0,0,0,5,5,0,0,0
random_06,13,99.56934033002918,49,True,10,10,10,0,0,0,5,5,0,0,0
random_07,13,99.56934033002918,49,True,10,10,10,0,0,0,5,5,0,0,0
random_08,13,99.56934033002918,49,True,10,10,10,0,0,0,5,5,0,0,0
random_09,13,99.56934033002918,49,True,10,10,10,0,0,0,5,5,0,0,0
random_10,13,99.56934033002918,49,True,10,10,10,0,0,0,5,5,0,0,0
random_11,13,99.56934033002918,49,True,10,10,10,0,0,0,5,5,0,0,0
random_12,13,99.56934033002918,49,True,10,10,10,0,0,0,5,5,0,0,0
random_13,13,99.56934033002918,49,True,10,10,10,0,0,0,5,5,0,0,0
random_14,13,99.56934033002918,49,True,10,10,10,0,0,0,5,5,0,0,0
random_15,13,99.56934033002918,49,True,10,10,10,0,0,0,5,5,0,0,0
random_16,13,99.26135848193486,51,True,10,10,10,0,0,0,5,5,0,0,0
random_17,13,99.26135848193486,51,True,10,10,10,0,0,0,5,5,0,0,0
random_18,13,99.56934033002918,49,True,10,10,10,0,0,0,5,5,0,0,0
random_19,13,99.26135848193486,51,True,10,10,10,0,0,0,5,5,0,0,0
ascending,14,93.81883016735395,51,True,11,11,8,3,2,4,3,5,3,0,0
descending,14,93.71143596358873,50,True,11,11,9,2,2,3,5,4,2,0,0
random_00,14,93.22179944027069,50,True,11,11,9,2,2,3,3,6,2,0,0
random_01,14,93.81883016735395,51,True,11,11,8,3,2,4,4,4,3,0,0
random_02,14,93.22179944027069,50,True,11,11,9,2,2,3,4,5,2,0,0
random_03,14,93.22179944027069,50,True,11,11,8,3,2,4,2,6,3,0,0
random_04,14,92.23090321823497,50,True,11,11,8,3,2,6,4,4,3,0,0
random_05,14,92.23090321823497,50,True,11,11,8,3,2,6,5,3,3,0,0
random_06,14,92.23090321823497,50,True,11,11,8,3,2,6,6,2,3,0,0
random_07,14,93.81883016735395,51,True,11,11,8,3,2,4,5,3,3,0,0
random_08,14,94.33587235136719,51,True,10,10,7,3,2,4,4,3,3,0,0
random_09,14,93.31823771701569,50,True,11,11,9,2,2,3,4,5,2,0,0
random_10,14,93.81883016735395,51,True,11,11,8,3,2,4,4,4,3,0,0
random_11,14,92.23090321823497,50,True,11,11,8,3,2,6,6,2,3,0,0
random_12,14,93.22179944027069,50,True,11,11,9,2,2,3,3,6,2,0,0
random_13,14,92.65150712550322,50,True,10,10,7,3,2,6,5,2,3,0,0
random_14,14,93.22179944027069,50,True,11,11,9,2,2,3,4,5,2,0,0
random_15,14,93.81883016735395,51,True,11,11,8,3,2,4,5,3,3,0,0
random_16,14,93.81883016735395,51,True,11,11,8,3,2,4,5,3,3,0,0
random_17,14,94.33587235136719,51,True,10,10,7,3,2,4,3,4,3,0,0
random_18,14,93.81883016735395,51,True,11,11,8,3,2,4,3,5,3,0,0
random_19,14,92.23090321823497,50,True,11,11,8,3,2,6,5,3,3,0,0
ascending,15,90.77895172655965,43,True,7,7,3,4,3,7,3,0,4,0,0
descending,15,95.97903083364753,46,True,8,8,6,2,2,2,4,2,2,0,0
random_00,15,90.49643252476233,43,True,7,7,4,3,3,5,3,1,3,0,0
random_01,15,95.97903083364753,46,True,8,8,6,2,2,2,4,2,2,0,0
random_02,15,90.49643252476233,43,True,7,7,4,3,3,5,4,0,3,0,0
random_03,15,95.97903083364753,46,True,8,8,6,2,2,2,4,2,2,0,0
random_04,15,95.97903083364753,46,True,8,8,6,2,2,2,5,1,2,0,0
random_05,15,95.97903083364753,46,True,8,8,6,2,2,2,4,2,2,0,0
random_06,15,95.97903083364753,46,True,8,8,6,2,2,2,5,1,2,0,0
random_07,15,95.97903083364753,46,True,8,8,6,2,2,2,4,2,2,0,0
random_08,15,90.49643252476233,43,True,7,7,4,3,3,5,3,1,3,0,0
random_09,15,90.77895172655965,43,True,7,7,3,4,3,7,3,0,4,0,0
random_10,15,95.97903083364753,46,True,8,8,6,2,2,2,3,3,2,0,0
random_11,15,95.25385059835101,45,True,8,8,6,2,2,2,2,4,2,0,0
random_12,15,95.25385059835101,45,True,8,8,6,2,2,2,3,3,2,0,0
random_13,15,90.49643252476233,43,True,7,7,4,3,3,5,4,0,3,0,0
random_14,15,95.97903083364753,46,True,8,8,6,2,2,2,5,1,2,0,0
random_15,15,94.34354215992757,45,True,8,8,6,2,2,3,3,3,2,0,0
random_16,15,90.49643252476233,43,True,7,7,4,3,3,5,3,1,3,0,0
random_17,15,95.97903083364753,46,True,8,8,6,2,2,2,4,2,2,0,0
random_18,15,90.77895172655965,43,True,6,6,3,3,3,5,3,0,3,0,0
random_19,15,95.97903083364753,46,True,8,8,6,2,2,2,4,2,2,0,0
ascending,16,99.27106058905125,53,True,8,8,6,2,2,2,3,3,2,0,0
descending,16,99.27106058905125,53,True,8,8,6,2,2,2,2,4,2,0,0
random_00,16,99.27106058905125,53,True,8,8,6,2,2,2,1,5,2,0,0
random_01,16,99.27106058905125,53,True,8,8,6,2,2,2,1,5,2,0,0
random_02,16,99.27106058905125,53,True,8,8,6,2,2,2,1,5,2,0,0
random_03,16,99.27106058905125,53,True,8,8,6,2,2,2,4,2,2,0,0
random_04,16,99.27106058905125,53,True,8,8,6,2,2,2,2,4,2,0,0
random_05,16,99.27106058905125,53,True,8,8,6,2,2,2,3,3,2,0,0
random_06,16,99.27106058905125,53,True,8,8,6,2,2,2,2,4,2,0,0
random_07,16,99.27106058905125,53,True,8,8,6,2,2,2,2,4,2,0,0
random_08,16,99.27106058905125,53,True,8,8,6,2,2,2,3,3,2,0,0
random_09,16,99.27106058905125,53,True,8,8,6,2,2,2,1,5,2,0,0
random_10,16,99.27106058905125,53,True,8,8,6,2,2,2,3,3,2,0,0
random_11,16,99.27106058905125,53,True,8,8,6,2,2,2,3,3,2,0,0
random_12,16,99.27106058905125,53,True,8,8,6,2,2,2,3,3,2,0,0
random_13,16,99.27106058905125,53,True,8,8,6,2,2,2,4,2,2,0,0
random_14,16,99.27106058905125,53,True,8,8,6,2,2,2,3,3,2,0,0
random_15,16,99.27106058905125,53,True,8,8,6,2,2,2,4,2,2,0,0
random_16,16,99.27106058905125,53,True,8,8,6,2,2,2,3,3,2,0,0
random_17,16,99.27106058905125,53,True,8,8,6,2,2,2,2,4,2,0,0
random_18,16,99.27106058905125,53,True,8,8,6,2,2,2,4,2,2,0,0
random_19,16,99.27106058905125,53,True,8,8,6,2,2,2,4,2,2,0,0
ascending,17,94.10246824560716,46,True,9,9,8,1,1,2,5,3,1,0,0
descending,17,94.08355555826314,48,True,10,10,9,1,1,2,8,1,1,0,0
random_00,17,94.10246824560716,46,True,9,9,8,1,1,2,5,3,1,0,0
random_01,17,94.10246824560716,46,True,9,9,8,1,1,2,5,3,1,0,0
random_02,17,99.99999999999999,50,True,10,10,10,0,0,0,4,6,0,0,0
random_03,17,90.5671905534344,45,True,9,9,7,2,1,5,6,1,2,0,0
random_04,17,99.99999999999999,50,True,10,10,10,0,0,0,4,6,0,0,0
random_05,17,94.10246824560716,46,True,9,9,8,1,1,2,5,3,1,0,0
random_06,17,94.10246824560716,46,True,10,10,9,1,1,2,6,3,1,0,0
random_07,17,94.10246824560716,46,True,9,9,8,1,1,2,5,3,1,0,0
random_08,17,99.99999999999999,50,True,10,10,10,0,0,0,5,5,0,0,0
random_09,17,94.08355555826314,48,True,10,10,9,1,1,2,8,1,1,0,0
random_10,17,99.99999999999999,50,True,10,10,10,0,0,0,4,6,0,0,0
random_11,17,94.10246824560716,46,True,9,9,8,1,1,2,5,3,1,0,0
random_12,17,99.99999999999999,50,True,10,10,10,0,0,0,6,4,0,0,0
random_13,17,94.10246824560716,46,True,9,9,8,1,1,2,5,3,1,0,0
random_14,17,94.10246824560716,46,True,9,9,8,1,1,2,5,3,1,0,0
random_15,17,94.10246824560716,46,True,9,9,8,1,1,2,5,3,1,0,0
random_16,17,90.5671905534344,45,True,9,9,7,2,1,5,6,1,2,0,0
random_17,17,94.10246824560716,46,True,9,9,8,1,1,2,5,3,1,0,0
random_18,17,99.99999999999999,50,True,10,10,10,0,0,0,4,6,0,0,0
random_19,17,94.10246824560716,46,True,9,9,8,1,1,2,5,3,1,0,0
ascending,18,98.87154469178382,54,True,12,12,12,0,0,0,5,7,0,0,0
descending,18,95.23684605646534,51,True,10,10,9,1,1,3,6,3,1,0,0
random_00,18,95.23684605646534,51,True,10,10,9,1,1,3,7,2,1,0,0
random_01,18,93.30369073820553,50,True,10,10,8,2,2,5,6,2,2,0,0
random_02,18,95.49687394819922,51,True,9,9,8,1,1,3,6,2,1,0,0
random_03,18,98.59229280231877,52,True,8,8,7,1,1,2,5,2,1,0,0
random_04,18,95.83223760386377,52,True,11,11,10,1,1,2,6,4,1,0,0
random_05,18,95.83223760386377,52,True,11,11,10,1,1,2,6,4,1,0,0
random_06,18,98.59229280231877,52,True,8,8,7,1,1,2,5,2,1,0,0
random_07,18,95.23684605646534,51,True,10,10,9,1,1,3,7,2,1,0,0
random_08,18,96.65913748405897,51,True,8,8,6,2,2,4,5,1,2,0,0
random_09,18,98.08341727235343,53,True,10,10,9,1,1,2,5,4,1,0,0
random_10,18,95.04411018443336,51,True,8,8,6,2,2,4,6,0,2,0,0
random_11,18,95.70760553603307,51,True,9,9,8,1,1,3,7,1,1,0,0
random_12,18,95.04411018443336,51,True,9,9,7,2,2,4,6,1,2,0,0
random_13,18,95.04411018443336,51,True,9,9,7,2,2,4,6,1,2,0,0
random_14,18,98.11348367340774,52,True,12,12,11,1,1,2,8,3,1,0,0
random_15,18,95.70760553603307,51,True,9,9,8,1,1,3,7,1,1,0,0
random_16,18,95.23684605646534,51,True,10,10,9,1,1,3,7,2,1,0,0
random_17,18,95.23684605646534,51,True,10,10,9,1,1,3,7,2,1,0,0
random_18,18,95.96763342776698,51,True,8,8,7,1,1,3,6,1,1,0,0
random_19,18,95.49687394819922,51,True,9,9,8,1,1,3,6,2,1,0,0
ascending,19,94.64875205370345,45,True,5,5,4,1,1,2,3,1,1,0,0
descending,19,99.96091934582586,49,True,5,5,5,0,0,0,2,3,0,0,0
random_00,19,94.64875205370345,45,True,5,5,4,1,1,2,3,1,1,0,0
random_01,19,94.64875205370345,45,True,5,5,4,1,1,2,3,1,1,0,0
random_02,19,94.64875205370345,45,True,5,5,4,1,1,2,3,1,1,0,0
random_03,19,99.96091934582586,49,True,5,5,5,0,0,0,2,3,0,0,0
random_04,19,99.96091934582586,49,True,5,5,5,0,0,0,2,3,0,0,0
random_05,19,99.96091934582586,49,True,5,5,5,0,0,0,2,3,0,0,0
random_06,19,99.96091934582586,49,True,5,5,5,0,0,0,2,3,0,0,0
random_07,19,94.64875205370345,45,True,5,5,4,1,1,2,3,1,1,0,0
random_08,19,99.96091934582586,49,True,5,5,5,0,0,0,2,3,0,0,0
random_09,19,94.64875205370345,45,True,5,5,4,1,1,2,3,1,1,0,0
random_10,19,94.64875205370345,45,True,5,5,4,1,1,2,3,1,1,0,0
random_11,19,99.96091934582586,49,True,5,5,5,0,0,0,2,3,0,0,0
random_12,19,99.96091934582586,49,True,5,5,5,0,0,0,2,3,0,0,0
random_13,19,94.64875205370345,45,True,5,5,4,1,1,2,3,1,1,0,0
random_14,19,94.64875205370345,45,True,5,5,4,1,1,2,3,1,1,0,0
random_15,19,94.64875205370345,45,True,5,5,4,1,1,2,3,1,1,0,0
random_16,19,99.96091934582586,49,True,5,5,5,0,0,0,2,3,0,0,0
random_17,19,99.96091934582586,49,True,5,5,5,0,0,0,2,3,0,0,0
random_18,19,99.96091934582586,49,True,5,5,5,0,0,0,2,3,0,0,0
random_19,19,94.64875205370345,45,True,5,5,4,1,1,2,3,1,1,0,0
ascending,20,97.77461123241032,50,True,9,9,8,1,1,1,4,4,1,0,0
descending,20,97.77461123241032,50,True,10,10,9,1,1,1,4,5,1,0,0
random_00,20,97.77461123241032,50,True,10,10,9,1,1,1,3,6,1,0,0
random_01,20,97.77461123241032,50,True,9,9,8,1,1,1,4,4,1,0,0
random_02,20,97.77461123241032,50,True,9,9,8,1,1,1,3,5,1,0,0
random_03,20,97.77461123241032,50,True,9,9,8,1,1,1,3,5,1,0,0
random_04,20,97.53219251172585,49,True,12,12,11,1,1,1,5,6,1,0,0
random_05,20,97.77461123241032,50,True,10,10,9,1,1,1,5,4,1,0,0
random_06,20,97.77461123241032,50,True,9,9,8,1,1,1,4,4,1,0,0
random_07,20,97.77461123241032,50,True,10,10,9,1,1,1,4,5,1,0,0
random_08,20,97.77461123241032,50,True,10,10,9,1,1,1,5,4,1,0,0
random_09,20,97.77461123241032,50,True,10,10,9,1,1,1,4,5,1,0,0
random_10,20,97.77461123241032,50,True,9,9,8,1,1,1,3,5,1,0,0
random_11,20,97.53219251172585,49,True,12,12,11,1,1,1,5,6,1,0,0
random_12,20,97.77461123241032,50,True,9,9,8,1,1,1,4,4,1,0,0
random_13,20,97.77461123241032,50,True,10,10,9,1,1,1,4,5,1,0,0
random_14,20,97.77461123241032,50,True,10,10,9,1,1,1,3,6,1,0,0
random_15,20,97.53219251172585,49,True,11,11,10,1,1,1,4,6,1,0,0
random_16,20,97.77461123241032,50,True,10,10,9,1,1,1,4,5,1,0,0
random_17,20,97.77461123241032,50,True,10,10,9,1,1,1,3,6,1,0,0
random_18,20,97.77461123241032,50,True,10,10,9,1,1,1,4,5,1,0,0
random_19,20,97.53219251172585,49,True,11,11,10,1,1,1,5,5,1,0,0
ascending,21,96.50760774094289,53,True,9,9,8,1,1,1,6,2,1,0,0
descending,21,96.50760774094289,53,True,9,9,8,1,1,1,5,3,1,0,0
random_00,21,96.50760774094289,53,True,9,9,8,1,1,1,6,2,1,0,0
random_01,21,96.50760774094289,53,True,9,9,8,1,1,1,5,3,1,0,0
random_02,21,96.50760774094289,53,True,9,9,8,1,1,1,6,2,1,0,0
random_03,21,96.50760774094289,53,True,9,9,8,1,1,1,6,2,1,0,0
random_04,21,96.50760774094289,53,True,9,9,8,1,1,1,5,3,1,0,0
random_05,21,96.50760774094289,53,True,9,9,8,1,1,1,6,2,1,0,0
random_06,21,96.50760774094289,53,True,9,9,8,1,1,1,6,2,1,0,0
random_07,21,96.50760774094289,53,True,9,9,8,1,1,1,5,3,1,0,0
random_08,21,94.47062680114567,51,True,9,9,8,1,1,2,6,2,1,0,0
random_09,21,96.50760774094289,53,True,9,9,8,1,1,1,6,2,1,0,0
random_10,21,96.50760774094289,53,True,9,9,8,1,1,1,5,3,1,0,0
random_11,21,94.47062680114567,51,True,9,9,8,1,1,2,7,1,1,0,0
random_12,21,96.50760774094289,53,True,9,9,8,1,1,1,5,3,1,0,0
random_13,21,96.50760774094289,53,True,9,9,8,1,1,1,5,3,1,0,0
random_14,21,96.50760774094289,53,True,9,9,8,1,1,1,6,2,1,0,0
random_15,21,96.50760774094289,53,True,9,9,8,1,1,1,5,3,1,0,0
random_16,21,96.50760774094289,53,True,9,9,8,1,1,1,5,3,1,0,0
random_17,21,96.50760774094289,53,True,9,9,8,1,1,1,6,2,1,0,0
random_18,21,96.50760774094289,53,True,9,9,8,1,1,1,5,3,1,0,0
random_19,21,96.50760774094289,53,True,9,9,8,1,1,1,6,2,1,0,0
ascending,22,99.56634918824783,44,True,8,8,8,0,0,0,5,3,0,0,0
descending,22,99.6749780070809,44,True,8,8,8,0,0,0,5,3,0,0,0
random_00,22,99.6749780070809,44,True,8,8,8,0,0,0,5,3,0,0,0
random_01,22,99.56634918824783,44,True,8,8,8,0,0,0,5,3,0,0,0
random_02,22,99.56634918824783,44,True,8,8,8,0,0,0,5,3,0,0,0
random_03,22,99.6749780070809,44,True,8,8,8,0,0,0,5,3,0,0,0
random_04,22,99.56634918824783,44,True,8,8,8,0,0,0,4,4,0,0,0
random_05,22,99.6749780070809,44,True,8,8,8,0,0,0,5,3,0,0,0
random_06,22,99.6749780070809,44,True,8,8,8,0,0,0,6,2,0,0,0
random_07,22,99.56634918824783,44,True,8,8,8,0,0,0,6,2,0,0,0
random_08,22,99.56634918824783,44,True,8,8,8,0,0,0,6,2,0,0,0
random_09,22,99.56634918824783,44,True,8,8,8,0,0,0,5,3,0,0,0
random_10,22,99.56634918824783,44,True,8,8,8,0,0,0,5,3,0,0,0
random_11,22,99.56634918824783,44,True,8,8,8,0,0,0,5,3,0,0,0
random_12,22,99.6749780070809,44,True,8,8,8,0,0,0,4,4,0,0,0
random_13,22,99.6749780070809,44,True,8,8,8,0,0,0,5,3,0,0,0
random_14,22,99.6749780070809,44,True,8,8,8,0,0,0,5,3,0,0,0
random_15,22,99.56634918824783,44,True,8,8,8,0,0,0,5,3,0,0,0
random_16,22,99.6749780070809,44,True,8,8,8,0,0,0,6,2,0,0,0
random_17,22,99.56634918824783,44,True,8,8,8,0,0,0,5,3,0,0,0
random_18,22,99.6749780070809,44,True,8,8,8,0,0,0,5,3,0,0,0
random_19,22,99.56634918824783,44,True,8,8,8,0,0,0,5,3,0,0,0
ascending,23,100.0,45,True,7,7,7,0,0,0,4,3,0,0,0
descending,23,99.97065470120035,45,True,7,7,7,0,0,0,4,3,0,0,0
random_00,23,99.97065470120035,45,True,7,7,7,0,0,0,3,4,0,0,0
random_01,23,99.97065470120035,45,True,7,7,7,0,0,0,3,4,0,0,0
random_02,23,100.0,45,True,7,7,7,0,0,0,4,3,0,0,0
random_03,23,99.97065470120035,45,True,7,7,7,0,0,0,3,4,0,0,0
random_04,23,100.0,45,True,7,7,7,0,0,0,4,3,0,0,0
random_05,23,100.0,45,True,7,7,7,0,0,0,4,3,0,0,0
random_06,23,99.97065470120035,45,True,7,7,7,0,0,0,3,4,0,0,0
random_07,23,100.0,45,True,7,7,7,0,0,0,4,3,0,0,0
random_08,23,100.0,45,True,7,7,7,0,0,0,4,3,0,0,0
random_09,23,100.0,45,True,7,7,7,0,0,0,4,3,0,0,0
random_10,23,100.0,45,True,7,7,7,0,0,0,4,3,0,0,0
random_11,23,100.0,45,True,7,7,7,0,0,0,4,3,0,0,0
random_12,23,99.97065470120035,45,True,7,7,7,0,0,0,3,4,0,0,0
random_13,23,99.97065470120035,45,True,7,7,7,0,0,0,4,3,0,0,0
random_14,23,99.97065470120035,45,True,7,7,7,0,0,0,3,4,0,0,0
random_15,23,99.97065470120035,45,True,7,7,7,0,0,0,3,4,0,0,0
random_16,23,100.0,45,True,7,7,7,0,0,0,4,3,0,0,0
random_17,23,100.0,45,True,7,7,7,0,0,0,4,3,0,0,0
random_18,23,99.97065470120035,45,True,7,7,7,0,0,0,4,3,0,0,0
random_19,23,100.0,45,True,7,7,7,0,0,0,4,3,0,0,0
ascending,24,93.10201782499776,46,True,7,7,4,3,2,6,1,3,3,0,0
descending,24,97.39898364452156,49,True,6,6,5,1,1,2,0,5,1,0,0
random_00,24,96.2126899385965,48,True,7,7,4,3,2,4,1,3,3,0,0
random_01,24,97.39898364452156,49,True,6,6,5,1,1,2,0,5,1,0,0
random_02,24,93.10201782499776,46,True,7,7,4,3,2,6,2,2,3,0,0
random_03,24,97.39898364452156,49,True,6,6,5,1,1,2,1,4,1,0,0
random_04,24,93.10201782499776,46,True,6,6,3,3,2,6,1,2,3,0,0
random_05,24,96.2126899385965,48,True,7,7,5,2,2,3,3,2,2,0,0
random_06,24,96.2126899385965,48,True,7,7,4,3,2,4,0,4,3,0,0
random_07,24,90.66038297998213,45,True,7,7,5,2,2,5,2,3,2,0,0
random_08,24,96.2126899385965,48,True,7,7,4,3,2,4,0,4,3,0,0
random_09,24,96.2126899385965,48,True,7,7,5,2,2,3,1,4,2,0,0
random_10,24,97.39898364452156,49,True,7,7,6,1,1,2,2,4,1,0,0
random_11,24,90.66038297998213,45,True,7,7,4,3,2,7,1,3,3,0,0
random_12,24,97.39898364452156,49,True,6,6,5,1,1,2,0,5,1,0,0
random_13,24,96.2126899385965,48,True,7,7,5,2,2,3,0,5,2,0,0
random_14,24,92.90236082473585,46,True,6,6,4,2,2,4,1,3,2,0,0
random_15,24,96.2126899385965,48,True,7,7,5,2,2,3,1,4,2,0,0
random_16,24,93.10201782499776,46,True,6,6,3,3,2,6,1,2,3,0,0
random_17,24,90.66038297998213,45,True,7,7,4,3,2,7,1,3,3,0,0
random_18,24,96.2126899385965,48,True,7,7,4,3,2,4,1,3,3,0,0
random_19,24,96.2126899385965,48,True,7,7,4,3,2,4,1,3,3,0,0
ascending,25,99.90946549510639,54,True,10,10,10,0,0,0,7,3,0,0,0
descending,25,99.90946549510639,54,True,10,10,10,0,0,0,6,4,0,0,0
random_00,25,99.90946549510639,54,True,10,10,10,0,0,0,7,3,0,0,0
random_01,25,99.90946549510639,54,True,10,10,10,0,0,0,6,4,0,0,0
random_02,25,99.90946549510639,54,True,10,10,10,0,0,0,7,3,0,0,0
random_03,25,99.90946549510639,54,True,10,10,10,0,0,0,6,4,0,0,0
random_04,25,99.90633222414398,53,True,10,10,10,0,0,0,6,4,0,0,0
random_05,25,99.90946549510639,54,True,10,10,10,0,0,0,6,4,0,0,0
random_06,25,99.90946549510639,54,True,10,10,10,0,0,0,7,3,0,0,0
random_07,25,99.90946549510639,54,True,10,10,10,0,0,0,7,3,0,0,0
random_08,25,96.91778839300385,53,True,10,10,9,1,1,2,8,1,1,0,0
random_09,25,99.90946549510639,54,True,10,10,10,0,0,0,7,3,0,0,0
random_10,25,96.91778839300385,53,True,10,10,9,1,1,2,8,1,1,0,0
random_11,25,99.90946549510639,54,True,10,10,10,0,0,0,7,3,0,0,0
random_12,25,99.90946549510639,54,True,10,10,10,0,0,0,7,3,0,0,0
random_13,25,96.91778839300385,53,True,10,10,9,1,1,2,8,1,1,0,0
random_14,25,96.91778839300385,53,True,10,10,9,1,1,2,7,2,1,0,0
random_15,25,99.90633222414398,53,True,10,10,10,0,0,0,6,4,0,0,0
random_16,25,96.91465512204144,52,True,10,10,9,1,1,2,7,2,1,0,0
random_17,25,99.90633222414398,53,True,10,10,10,0,0,0,6,4,0,0,0
random_18,25,96.91465512204144,52,True,10,10,9,1,1,2,7,2,1,0,0
random_19,25,99.90946549510639,54,True,10,10,10,0,0,0,7,3,0,0,0
ascending,26,100.0,52,True,11,11,11,0,0,0,8,3,0,0,0
descending,26,99.76512038440818,53,True,10,10,10,0,0,0,7,3,0,0,0
random_00,26,99.65889369898237,52,True,11,11,11,0,0,0,8,3,0,0,0
random_01,26,99.89986045197645,53,True,10,10,10,0,0,0,7,3,0,0,0
random_02,26,99.8253165928815,51,True,12,12,12,0,0,0,8,4,0,0,0
random_03,26,99.80991464910173,52,True,11,11,11,0,0,0,8,3,0,0,0
random_04,26,99.72517704485796,52,True,11,11,11,0,0,0,8,3,0,0,0
random_05,26,99.80991464910173,52,True,11,11,11,0,0,0,8,3,0,0,0
random_06,26,99.76512038440818,53,True,9,9,9,0,0,0,6,3,0,0,0
random_07,26,99.87306966159117,52,True,11,11,11,0,0,0,7,4,0,0,0
random_08,26,99.72517704485796,52,True,11,11,11,0,0,0,8,3,0,0,0
random_09,26,99.87306966159117,52,True,11,11,11,0,0,0,8,3,0,0,0
random_10,26,99.82827539689762,53,True,11,11,11,0,0,0,8,3,0,0,0
random_11,26,99.80991464910173,52,True,11,11,11,0,0,0,8,3,0,0,0
random_12,26,100.0,52,True,11,11,11,0,0,0,6,5,0,0,0
random_13,26,100.0,52,True,11,11,11,0,0,0,7,4,0,0,0
random_14,26,99.65889369898237,52,True,11,11,11,0,0,0,8,3,0,0,0
random_15,26,100.0,52,True,11,11,11,0,0,0,8,3,0,0,0
random_16,26,100.0,52,True,12,12,12,0,0,0,8,4,0,0,0
random_17,26,99.87306966159117,52,True,11,11,11,0,0,0,7,4,0,0,0
random_18,26,100.0,52,True,12,12,12,0,0,0,7,5,0,0,0
random_19,26,100.0,52,True,12,12,12,0,0,0,9,3,0,0,0
ascending,27,86.7389567548966,43,True,12,12,8,4,4,6,3,5,4,0,0
descending,27,83.50227202481629,42,True,12,12,8,4,4,9,5,3,4,0,0
random_00,27,86.15850526647273,43,True,11,11,7,4,4,7,2,5,4,0,0
random_01,27,83.70241865445324,40,True,12,12,7,5,4,9,4,3,5,0,0
random_02,27,96.52250821951748,47,True,10,10,9,1,1,2,4,5,1,0,0
random_03,27,93.8181083580254,45,True,10,10,9,1,1,2,5,4,1,0,0
random_04,27,88.60771677720265,42,True,11,11,8,3,3,6,5,3,3,0,0
random_05,27,88.60771677720265,42,True,11,11,8,3,3,6,6,2,3,0,0
random_06,27,97.23293927193794,47,True,11,11,10,1,1,2,4,6,1,0,0
random_07,27,94.52853941044586,45,True,10,10,9,1,1,2,4,5,1,0,0
random_08,27,92.22699391527615,44,True,11,11,9,2,2,3,5,4,2,0,0
random_09,27,86.7262055993387,43,True,11,11,7,4,3,9,4,3,4,0,0
random_10,27,94.52853941044586,45,True,10,10,9,1,1,2,4,5,1,0,0
random_11,27,85.69188362560244,43,True,11,11,7,4,3,9,5,2,4,0,0
random_12,27,80.25944830980488,40,True,11,11,6,5,5,9,4,2,5,0,0
random_13,27,92.22699391527615,44,True,10,10,8,2,2,3,4,4,2,0,0
random_14,27,96.3812978457873,47,True,10,10,9,1,1,1,2,7,1,0,0
random_15,27,91.51656286285568,44,True,10,10,8,2,2,3,3,5,2,0,0
random_16,27,91.73860659783051,44,True,12,12,9,3,2,7,7,2,3,0,0
random_17,27,96.52250821951748,47,True,10,10,9,1,1,2,4,5,1,0,0
random_18,27,86.98391216815233,43,True,12,12,9,3,3,5,4,5,3,0,0
random_19,27,97.09172889820778,47,True,10,10,9,1,1,1,3,6,1,0,0
ascending,28,99.90794477148276,48,True,11,11,11,0,0,0,8,3,0,0,0
descending,28,99.90794477148276,48,True,11,11,11,0,0,0,10,1,0,0,0
random_00,28,99.90794477148276,48,True,11,11,11,0,0,0,9,2,0,0,0
random_01,28,99.90794477148276,48,True,11,11,11,0,0,0,10,1,0,0,0
random_02,28,99.90794477148276,48,True,11,11,11,0,0,0,11,0,0,0,0
random_03,28,99.90794477148276,48,True,11,11,11,0,0,0,9,2,0,0,0
random_04,28,99.90794477148276,48,True,11,11,11,0,0,0,9,2,0,0,0
random_05,28,99.90794477148276,48,True,11,11,11,0,0,0,8,3,0,0,0
random_06,28,99.90794477148276,48,True,11,11,11,0,0,0,10,1,0,0,0
random_07,28,99.90794477148276,48,True,11,11,11,0,0,0,9,2,0,0,0
random_08,28,99.90794477148276,48,True,11,11,11,0,0,0,11,0,0,0,0
random_09,28,99.90794477148276,48,True,11,11,11,0,0,0,10,1,0,0,0
random_10,28,99.41164065809102,47,True,12,12,12,0,0,0,10,2,0,0,0
random_11,28,99.90794477148276,48,True,11,11,11,0,0,0,10,1,0,0,0
random_12,28,99.90794477148276,48,True,11,11,11,0,0,0,7,4,0,0,0
random_13,28,99.90794477148276,48,True,11,11,11,0,0,0,10,1,0,0,0
random_14,28,99.90794477148276,48,True,11,11,11,0,0,0,8,3,0,0,0
random_15,28,99.90794477148276,48,True,11,11,11,0,0,0,10,1,0,0,0
random_16,28,99.90794477148276,48,True,11,11,11,0,0,0,11,0,0,0,0
random_17,28,99.90794477148276,48,True,11,11,11,0,0,0,9,2,0,0,0
random_18,28,99.90794477148276,48,True,11,11,11,0,0,0,7,4,0,0,0
random_19,28,99.90794477148276,48,True,11,11,11,0,0,0,8,3,0,0,0
ascending,29,98.22090292996667,53,True,7,7,6,1,1,1,3,3,1,0,0
descending,29,97.85530531987538,53,True,9,9,8,1,1,1,3,5,1,0,0
random_00,29,97.85530531987538,53,True,9,9,8,1,1,1,3,5,1,0,0
random_01,29,97.85530531987538,53,True,9,9,8,1,1,1,3,5,1,0,0
random_02,29,97.85530531987538,53,True,9,9,8,1,1,1,3,5,1,0,0
random_03,29,98.22090292996667,53,True,7,7,6,1,1,1,2,4,1,0,0
random_04,29,97.85530531987538,53,True,9,9,8,1,1,1,2,6,1,0,0
random_05,29,98.22090292996667,53,True,7,7,6,1,1,1,2,4,1,0,0
random_06,29,97.85530531987538,53,True,9,9,8,1,1,1,3,5,1,0,0
random_07,29,98.22090292996667,53,True,7,7,6,1,1,1,3,3,1,0,0
random_08,29,97.85530531987538,53,True,9,9,8,1,1,1,4,4,1,0,0
random_09,29,97.85530531987538,53,True,9,9,8,1,1,1,4,4,1,0,0
random_10,29,97.85530531987538,53,True,9,9,8,1,1,1,4,4,1,0,0
random_11,29,97.85530531987538,53,True,9,9,8,1,1,1,4,4,1,0,0
random_12,29,98.03824896792555,52,True,8,8,7,1,1,1,4,3,1,0,0
random_13,29,97.85530531987538,53,True,9,9,8,1,1,1,4,4,1,0,0
random_14,29,98.03824896792555,52,True,8,8,7,1,1,1,4,3,1,0,0
random_15,29,97.85530531987538,53,True,9,9,8,1,1,1,4,4,1,0,0
random_16,29,97.85530531987538,53,True,9,9,8,1,1,1,3,5,1,0,0
random_17,29,97.85530531987538,53,True,9,9,8,1,1,1,4,4,1,0,0
random_18,29,97.85530531987538,53,True,9,9,8,1,1,1,3,5,1,0,0
random_19,29,98.22090292996667,53,True,7,7,6,1,1,1,2,4,1,0,0
ascending,30,95.42095934197984,48,True,10,10,8,2,2,2,5,3,2,0,0
descending,30,96.13231394604536,48,True,10,10,9,1,1,2,5,4,1,0,0
random_00,30,95.34546189187517,49,True,11,11,10,1,1,2,4,6,1,0,0
random_01,30,96.13231394604536,48,True,10,10,9,1,1,2,7,2,1,0,0
random_02,30,96.13231394604536,48,True,10,10,9,1,1,2,6,3,1,0,0
random_03,30,95.42095934197984,48,True,10,10,8,2,2,2,5,3,2,0,0
random_04,30,94.3131289929282,48,True,10,10,8,2,2,4,4,4,2,0,0
random_05,30,95.42095934197984,48,True,10,10,8,2,2,2,6,2,2,0,0
random_06,30,94.67651302331402,49,True,10,10,8,2,2,3,5,3,2,0,0
random_07,30,94.67651302331402,49,True,10,10,8,2,2,3,4,4,2,0,0
random_08,30,96.13231394604536,48,True,10,10,9,1,1,2,5,4,1,0,0
random_09,30,96.13231394604536,48,True,10,10,9,1,1,2,5,4,1,0,0
random_10,30,95.42095934197984,48,True,10,10,8,2,2,2,5,3,2,0,0
random_11,30,96.13231394604536,48,True,10,10,9,1,1,2,6,3,1,0,0
random_12,30,96.13231394604536,48,True,10,10,9,1,1,2,6,3,1,0,0
random_13,30,96.13231394604536,48,True,10,10,9,1,1,2,5,4,1,0,0
random_14,30,96.13231394604536,48,True,10,10,9,1,1,2,5,4,1,0,0
random_15,30,96.13231394604536,48,True,10,10,9,1,1,2,5,4,1,0,0
random_16,30,95.34546189187517,49,True,11,11,10,1,1,2,3,7,1,0,0
random_17,30,95.42095934197984,48,True,10,10,8,2,2,2,5,3,2,0,0
random_18,30,95.70884592226098,50,True,11,11,10,1,1,1,3,7,1,0,0
random_19,30,94.3131289929282,48,True,10,10,8,2,2,4,4,4,2,0,0
ascending,31,99.74866760114215,46,True,11,11,11,0,0,0,8,3,0,0,0
descending,31,99.71858834259677,46,True,11,11,11,0,0,0,7,4,0,0,0
random_00,31,99.74866760114215,46,True,11,11,11,0,0,0,7,4,0,0,0
random_01,31,99.74866760114215,46,True,11,11,11,0,0,0,7,4,0,0,0
random_02,31,99.74866760114215,46,True,11,11,11,0,0,0,8,3,0,0,0
random_03,31,99.74866760114215,46,True,11,11,11,0,0,0,8,3,0,0,0
random_04,31,99.74866760114215,46,True,11,11,11,0,0,0,8,3,0,0,0
random_05,31,99.74866760114215,46,True,11,11,11,0,0,0,7,4,0,0,0
random_06,31,99.74866760114215,46,True,11,11,11,0,0,0,8,3,0,0,0
random_07,31,99.71858834259677,46,True,11,11,11,0,0,0,7,4,0,0,0
random_08,31,99.71858834259677,46,True,11,11,11,0,0,0,8,3,0,0,0
random_09,31,99.71858834259677,46,True,11,11,11,0,0,0,7,4,0,0,0
random_10,31,99.74866760114215,46,True,11,11,11,0,0,0,8,3,0,0,0
random_11,31,99.74866760114215,46,True,11,11,11,0,0,0,8,3,0,0,0
random_12,31,99.74866760114215,46,True,11,11,11,0,0,0,8,3,0,0,0
random_13,31,99.74866760114215,46,True,11,11,11,0,0,0,8,3,0,0,0
random_14,31,99.71858834259677,46,True,11,11,11,0,0,0,8,3,0,0,0
random_15,31,99.74866760114215,46,True,11,11,11,0,0,0,8,3,0,0,0
random_16,31,99.74866760114215,46,True,11,11,11,0,0,0,8,3,0,0,0
random_17,31,99.71858834259677,46,True,11,11,11,0,0,0,8,3,0,0,0
random_18,31,99.74866760114215,46,True,11,11,11,0,0,0,7,4,0,0,0
random_19,31,99.71858834259677,46,True,11,11,11,0,0,0,8,3,0,0,0
ascending,32,100.00000000000001,46,True,6,6,6,0,0,0,5,1,0,0,0
descending,32,100.00000000000001,46,True,6,6,6,0,0,0,6,0,0,0,0
random_00,32,99.84631130106152,46,True,7,7,7,0,0,0,6,1,0,0,0
random_01,32,99.84631130106152,46,True,7,7,7,0,0,0,7,0,0,0,0
random_02,32,100.00000000000001,46,True,6,6,6,0,0,0,5,1,0,0,0
random_03,32,100.00000000000001,46,True,6,6,6,0,0,0,6,0,0,0,0
random_04,32,99.84631130106152,46,True,7,7,7,0,0,0,6,1,0,0,0
random_05,32,99.84631130106152,46,True,7,7,7,0,0,0,7,0,0,0,0
random_06,32,100.00000000000001,46,True,6,6,6,0,0,0,5,1,0,0,0
random_07,32,99.84631130106152,46,True,7,7,7,0,0,0,7,0,0,0,0
random_08,32,100.00000000000001,46,True,6,6,6,0,0,0,6,0,0,0,0
random_09,32,100.00000000000001,46,True,6,6,6,0,0,0,6,0,0,0,0
random_10,32,100.00000000000001,46,True,6,6,6,0,0,0,6,0,0,0,0
random_11,32,99.84631130106152,46,True,7,7,7,0,0,0,7,0,0,0,0
random_12,32,100.00000000000001,46,True,6,6,6,0,0,0,5,1,0,0,0
random_13,32,100.00000000000001,46,True,6,6,6,0,0,0,6,0,0,0,0
random_14,32,100.00000000000001,46,True,6,6,6,0,0,0,5,1,0,0,0
random_15,32,99.84631130106152,46,True,7,7,7,0,0,0,7,0,0,0,0
random_16,32,100.00000000000001,46,True,6,6,6,0,0,0,6,0,0,0,0
random_17,32,99.84631130106152,46,True,7,7,7,0,0,0,6,1,0,0,0
random_18,32,100.00000000000001,46,True,6,6,6,0,0,0,6,0,0,0,0
random_19,32,100.00000000000001,46,True,6,6,6,0,0,0,6,0,0,0,0
ascending,33,97.16215876108257,56,True,12,12,11,1,1,2,5,6,1,0,0
descending,33,95.77081190259194,54,True,12,12,9,3,2,5,5,4,3,0,0
random_00,33,95.77081190259194,54,True,12,12,10,2,2,4,6,4,2,0,0
random_01,33,95.44213075236304,56,True,14,14,12,2,1,7,8,4,2,0,0
random_02,33,97.1216997572742,55,True,12,12,10,2,1,3,5,5,2,0,0
random_03,33,97.28507482859132,56,True,10,10,8,2,1,3,4,4,2,0,0
random_04,33,95.77081190259194,54,True,12,12,10,2,2,4,5,5,2,0,0
random_05,33,95.76666642663044,55,True,14,14,13,1,1,3,7,6,1,0,0
random_06,33,95.76666642663044,55,True,14,14,12,2,1,5,7,5,2,0,0
random_07,33,96.67424801549805,56,True,14,14,11,3,1,6,7,4,3,0,0
random_08,33,96.07542875699508,55,True,11,11,9,2,2,4,5,4,2,0,0
random_09,33,95.76666642663044,55,True,14,14,13,1,1,3,7,6,1,0,0
random_10,33,96.67424801549805,56,True,14,14,12,2,1,5,7,5,2,0,0
random_11,33,97.28507482859132,56,True,10,10,8,2,1,3,4,4,2,0,0
random_12,33,96.99878368976545,55,True,14,14,12,2,1,3,6,6,2,0,0
random_13,33,96.67424801549805,56,True,14,14,11,3,1,6,7,4,3,0,0
random_14,33,97.1216997572742,55,True,12,12,10,2,1,3,5,5,2,0,0
random_15,33,95.8112709064003,55,True,12,12,9,3,2,5,5,4,3,0,0
random_16,33,95.77081190259194,54,True,12,12,10,2,2,4,6,4,2,0,0
random_17,33,97.1216997572742,55,True,12,12,10,2,1,3,5,5,2,0,0
random_18,33,95.5650468198718,56,True,12,12,10,2,1,7,7,3,2,0,0
random_19,33,97.16215876108257,56,True,12,12,11,1,1,2,5,6,1,0,0
ascending,34,99.85858354396119,49,True,9,9,9,0,0,0,6,3,0,0,0
descending,34,99.8426671168283,50,True,10,10,10,0,0,0,7,3,0,0,0
random_00,34,99.85858354396119,49,True,9,9,9,0,0,0,6,3,0,0,0
random_01,34,99.85858354396119,49,True,9,9,9,0,0,0,7,2,0,0,0
random_02,34,99.85858354396119,49,True,8,8,8,0,0,0,6,2,0,0,0
random_03,34,99.8426671168283,50,True,10,10,10,0,0,0,8,2,0,0,0
random_04,34,99.8426671168283,50,True,10,10,10,0,0,0,6,4,0,0,0
random_05,34,99.8426671168283,50,True,10,10,10,0,0,0,7,3,0,0,0
random_06,34,99.8426671168283,50,True,10,10,10,0,0,0,8,2,0,0,0
random_07,34,99.8426671168283,50,True,10,10,10,0,0,0,8,2,0,0,0
random_08,34,99.8426671168283,50,True,10,10,10,0,0,0,7,3,0,0,0
random_09,34,99.8426671168283,50,True,10,10,10,0,0,0,6,4,0,0,0
random_10,34,99.85858354396119,49,True,9,9,9,0,0,0,6,3,0,0,0
random_11,34,99.85858354396119,49,True,9,9,9,0,0,0,6,3,0,0,0
random_12,34,99.8426671168283,50,True,10,10,10,0,0,0,7,3,0,0,0
random_13,34,99.8426671168283,50,True,10,10,10,0,0,0,6,4,0,0,0
random_14,34,99.85858354396119,49,True,9,9,9,0,0,0,5,4,0,0,0
random_15,34,99.8426671168283,50,True,10,10,10,0,0,0,8,2,0,0,0
random_16,34,99.85858354396119,49,True,9,9,9,0,0,0,7,2,0,0,0
random_17,34,99.8426671168283,50,True,10,10,10,0,0,0,8,2,0,0,0
random_18,34,99.85858354396119,49,True,9,9,9,0,0,0,6,3,0,0,0
random_19,34,99.85858354396119,49,True,9,9,9,0,0,0,6,3,0,0,0
ascending,35,94.85427982404643,53,True,11,11,8,3,3,4,4,4,3,0,0
descending,35,95.31126997238293,52,True,11,11,9,2,2,4,6,3,2,0,0
random_00,35,97.76660900650154,55,True,11,11,10,1,1,2,4,6,1,0,0
random_01,35,95.17327705711942,53,True,11,11,9,2,2,4,6,3,2,0,0
random_02,35,95.31126997238293,52,True,11,11,9,2,2,4,5,4,2,0,0
random_03,35,95.17327705711942,53,True,11,11,9,2,2,4,4,5,2,0,0
random_04,35,94.85427982404643,53,True,11,11,8,3,3,4,6,2,3,0,0
random_05,35,94.99227273930993,52,True,11,11,8,3,3,4,6,2,3,0,0
random_06,35,95.31126997238293,52,True,10,10,8,2,2,4,4,4,2,0,0
random_07,35,94.85427982404643,53,True,11,11,8,3,3,4,6,2,3,0,0
random_08,35,95.17327705711942,53,True,11,11,9,2,2,4,3,6,2,0,0
random_09,35,95.17327705711942,53,True,11,11,9,2,2,4,3,6,2,0,0
random_10,35,95.31126997238293,52,True,10,10,8,2,2,4,5,3,2,0,0
random_11,35,95.31126997238293,52,True,11,11,9,2,2,4,5,4,2,0,0
random_12,35,95.31126997238293,52,True,11,11,9,2,2,4,5,4,2,0,0
random_13,35,95.31126997238293,52,True,11,11,9,2,2,4,5,4,2,0,0
random_14,35,94.99227273930993,52,True,10,10,7,3,3,4,5,2,3,0,0
random_15,35,94.85427982404643,53,True,11,11,8,3,3,4,6,2,3,0,0
random_16,35,95.17327705711942,53,True,11,11,9,2,2,4,5,4,2,0,0
random_17,35,97.90460192176505,54,True,11,11,10,1,1,2,5,5,1,0,0
random_18,35,95.17327705711942,53,True,11,11,9,2,2,4,5,4,2,0,0
random_19,35,97.76660900650154,55,True,11,11,10,1,1,2,3,7,1,0,0
ascending,36,96.09067101956614,48,True,9,9,8,1,1,2,4,4,1,0,0
descending,36,96.09067101956614,48,True,9,9,8,1,1,2,5,3,1,0,0
random_00,36,96.09067101956614,48,True,9,9,8,1,1,2,4,4,1,0,0
random_01,36,96.09067101956614,48,True,9,9,8,1,1,2,5,3,1,0,0
random_02,36,96.09067101956614,48,True,9,9,8,1,1,2,5,3,1,0,0
random_03,36,96.09067101956614,48,True,9,9,8,1,1,2,5,3,1,0,0
random_04,36,96.09067101956614,48,True,9,9,8,1,1,2,5,3,1,0,0
random_05,36,96.09067101956614,48,True,9,9,8,1,1,2,5,3,1,0,0
random_06,36,96.09067101956614,48,True,9,9,8,1,1,2,4,4,1,0,0
random_07,36,96.09067101956614,48,True,9,9,8,1,1,2,5,3,1,0,0
random_08,36,96.09067101956614,48,True,9,9,8,1,1,2,4,4,1,0,0
random_09,36,96.09067101956614,48,True,9,9,8,1,1,2,4,4,1,0,0
random_10,36,96.09067101956614,48,True,9,9,8,1,1,2,4,4,1,0,0
random_11,36,96.09067101956614,48,True,9,9,8,1,1,2,5,3,1,0,0
random_12,36,96.09067101956614,48,True,9,9,8,1,1,2,4,4,1,0,0
random_13,36,96.09067101956614,48,True,9,9,8,1,1,2,4,4,1,0,0
random_14,36,96.09067101956614,48,True,9,9,8,1,1,2,4,4,1,0,0
random_15,36,96.09067101956614,48,True,9,9,8,1,1,2,4,4,1,0,0
random_16,36,96.09067101956614,48,True,9,9,8,1,1,2,5,3,1,0,0
random_17,36,96.09067101956614,48,True,9,9,8,1,1,2,5,3,1,0,0
random_18,36,96.09067101956614,48,True,9,9,8,1,1,2,5,3,1,0,0
random_19,36,96.09067101956614,48,True,9,9,8,1,1,2,5,3,1,0,0
ascending,37,89.95713567867979,46,True,10,10,7,3,3,5,5,2,3,0,0
descending,37,92.13799835753177,46,True,10,10,7,3,2,6,5,2,3,0,0
random_00,37,94.20765048426655,48,True,10,10,8,2,2,3,4,4,2,0,0
random_01,37,92.13799835753177,46,True,10,10,8,2,2,4,5,3,2,0,0
random_02,37,92.13799835753177,46,True,10,10,8,2,2,4,5,3,2,0,0
random_03,37,89.95713567867979,46,True,10,10,6,4,3,6,4,2,4,0,0
random_04,37,92.13799835753177,46,True,10,10,7,3,2,6,4,3,3,0,0
random_05,37,94.20765048426655,48,True,10,10,8,2,2,3,3,5,2,0,0
random_06,37,94.20765048426655,48,True,10,10,7,3,2,4,2,5,3,0,0
random_07,37,92.13799835753177,46,True,10,10,8,2,2,4,5,3,2,0,0
random_08,37,92.13799835753177,46,True,10,10,8,2,2,4,6,2,2,0,0
random_09,37,89.95713567867979,46,True,10,10,6,4,3,6,5,1,4,0,0
random_10,37,94.20765048426655,48,True,10,10,7,3,2,4,3,4,3,0,0
random_11,37,94.20765048426655,48,True,10,10,7,3,2,4,3,4,3,0,0
random_12,37,92.13799835753177,46,True,10,10,7,3,2,6,5,2,3,0,0
random_13,37,92.13799835753177,46,True,10,10,8,2,2,4,6,2,2,0,0
random_14,37,92.13799835753177,46,True,10,10,7,3,2,6,4,3,3,0,0
random_15,37,92.13799835753177,46,True,10,10,8,2,2,4,6,2,2,0,0
random_16,37,92.13799835753177,46,True,10,10,8,2,2,4,6,2,2,0,0
random_17,37,94.20765048426655,48,True,10,10,7,3,2,4,3,4,3,0,0
random_18,37,89.95713567867979,46,True,10,10,6,4,3,6,4,2,4,0,0
random_19,37,92.13799835753177,46,True,10,10,8,2,2,4,5,3,2,0,0
ascending,38,99.46859359940517,52,True,12,12,12,0,0,0,8,4,0,0,0
descending,38,99.9572748653052,52,True,11,11,11,0,0,0,7,4,0,0,0
random_00,38,99.2760719670186,52,True,12,12,12,0,0,0,6,6,0,0,0
random_01,38,99.2760719670186,52,True,12,12,12,0,0,0,6,6,0,0,0
random_02,38,99.46859359940517,52,True,12,12,12,0,0,0,7,5,0,0,0
random_03,38,99.46859359940517,52,True,12,12,12,0,0,0,7,5,0,0,0
random_04,38,99.94940869608688,52,True,12,12,12,0,0,0,7,5,0,0,0
random_05,38,99.46859359940517,52,True,12,12,12,0,0,0,7,5,0,0,0
random_06,38,99.46859359940517,52,True,12,12,12,0,0,0,6,6,0,0,0
random_07,38,99.46859359940517,52,True,12,12,12,0,0,0,8,4,0,0,0
random_08,38,99.94940869608688,52,True,12,12,12,0,0,0,7,5,0,0,0
random_09,38,99.46859359940517,52,True,12,12,12,0,0,0,7,5,0,0,0
random_10,38,99.94940869608688,52,True,12,12,12,0,0,0,7,5,0,0,0
random_11,38,99.46859359940517,52,True,12,12,12,0,0,0,7,5,0,0,0
random_12,38,99.46859359940517,52,True,12,12,12,0,0,0,5,7,0,0,0
random_13,38,99.9572748653052,52,True,11,11,11,0,0,0,6,5,0,0,0
random_14,38,99.9572748653052,52,True,11,11,11,0,0,0,7,4,0,0,0
random_15,38,99.9572748653052,52,True,11,11,11,0,0,0,6,5,0,0,0
random_16,38,99.76475323291865,52,True,11,11,11,0,0,0,7,4,0,0,0
random_17,38,99.94940869608688,52,True,12,12,12,0,0,0,8,4,0,0,0
random_18,38,99.9572748653052,52,True,11,11,11,0,0,0,7,4,0,0,0
random_19,38,99.2760719670186,52,True,12,12,12,0,0,0,6,6,0,0,0
ascending,39,97.54968756054326,49,True,9,9,8,1,1,1,5,3,1,0,0
descending,39,96.7733599035718,50,True,8,8,7,1,1,2,4,3,1,0,0
random_00,39,97.54968756054326,49,True,9,9,8,1,1,1,5,3,1,0,0
random_01,39,97.5785335898581,49,True,8,8,7,1,1,1,3,4,1,0,0
random_02,39,96.7733599035718,50,True,8,8,7,1,1,2,4,3,1,0,0
random_03,39,96.7572603082868,49,True,8,8,7,1,1,2,5,2,1,0,0
random_04,39,97.5785335898581,49,True,8,8,7,1,1,1,3,4,1,0,0
random_05,39,97.5785335898581,49,True,8,8,7,1,1,1,3,4,1,0,0
random_06,39,96.81329215870078,50,True,8,8,7,1,1,2,5,2,1,0,0
random_07,39,96.81329215870078,50,True,8,8,7,1,1,2,5,2,1,0,0
random_08,39,96.81329215870078,50,True,8,8,7,1,1,2,5,2,1,0,0
random_09,39,97.61846584498707,49,True,8,8,7,1,1,1,4,3,1,0,0
random_10,39,97.5785335898581,49,True,8,8,7,1,1,1,3,4,1,0,0
random_11,39,96.7733599035718,50,True,8,8,7,1,1,2,4,3,1,0,0
random_12,39,96.71732805315783,49,True,8,8,7,1,1,2,4,3,1,0,0
random_13,39,97.61846584498707,49,True,8,8,7,1,1,1,4,3,1,0,0
random_14,39,97.54968756054326,49,True,9,9,8,1,1,1,5,3,1,0,0
random_15,39,96.71732805315783,49,True,8,8,7,1,1,2,4,3,1,0,0
random_16,39,96.71732805315783,49,True,8,8,7,1,1,2,4,3,1,0,0
random_17,39,97.5785335898581,49,True,8,8,7,1,1,1,3,4,1,0,0
random_18,39,97.54968756054326,49,True,9,9,8,1,1,1,5,3,1,0,0
random_19,39,97.54968756054326,49,True,9,9,8,1,1,1,5,3,1,0,0
ascending,40,96.26067619474854,51,True,8,8,7,1,1,2,4,3,1,0,0
descending,40,95.96520107526268,51,True,8,8,6,2,2,3,5,1,2,0,0
random_00,40,96.26067619474854,51,True,8,8,7,1,1,2,3,4,1,0,0
random_01,40,95.96520107526268,51,True,8,8,6,2,2,3,5,1,2,0,0
random_02,40,95.96520107526268,51,True,8,8,6,2,2,3,5,1,2,0,0
random_03,40,95.96520107526268,51,True,8,8,6,2,2,3,5,1,2,0,0
random_04,40,95.96520107526268,51,True,8,8,6,2,2,3,5,1,2,0,0
random_05,40,96.26067619474854,51,True,8,8,7,1,1,2,3,4,1,0,0
random_06,40,96.26067619474854,51,True,8,8,7,1,1,2,4,3,1,0,0
random_07,40,96.26067619474854,51,True,8,8,7,1,1,2,4,3,1,0,0
random_08,40,95.96520107526268,51,True,8,8,6,2,2,3,5,1,2,0,0
random_09,40,96.26067619474854,51,True,8,8,7,1,1,2,3,4,1,0,0
random_10,40,96.26067619474854,51,True,8,8,7,1,1,2,3,4,1,0,0
random_11,40,96.26067619474854,51,True,8,8,7,1,1,2,4,3,1,0,0
random_12,40,96.26067619474854,51,True,8,8,7,1,1,2,3,4,1,0,0
random_13,40,95.96520107526268,51,True,8,8,6,2,2,3,5,1,2,0,0
random_14,40,96.26067619474854,51,True,8,8,7,1,1,2,3,4,1,0,0
random_15,40,95.96520107526268,51,True,8,8,6,2,2,3,5,1,2,0,0
random_16,40,95.96520107526268,51,True,8,8,6,2,2,3,5,1,2,0,0
random_17,40,95.96520107526268,51,True,8,8,6,2,2,3,5,1,2,0,0
random_18,40,95.96520107526268,51,True,8,8,6,2,2,3,5,1,2,0,0
random_19,40,95.96520107526268,51,True,8,8,6,2,2,3,5,1,2,0,0
ascending,41,99.87407690758003,52,True,12,12,12,0,0,0,4,8,0,0,0
descending,41,98.78345905175081,51,True,12,12,11,1,1,2,8,3,1,0,0
random_00,41,99.87407690758003,52,True,12,12,12,0,0,0,7,5,0,0,0
random_01,41,98.78345905175081,51,True,12,12,11,1,1,2,7,4,1,0,0
random_02,41,98.78345905175081,51,True,12,12,11,1,1,2,5,6,1,0,0
random_03,41,98.78345905175081,51,True,12,12,11,1,1,2,6,5,1,0,0
random_04,41,98.78345905175081,51,True,12,12,11,1,1,2,7,4,1,0,0
random_05,41,99.87407690758003,52,True,12,12,12,0,0,0,5,7,0,0,0
random_06,41,99.87407690758003,52,True,12,12,12,0,0,0,5,7,0,0,0
random_07,41,98.78345905175081,51,True,12,12,11,1,1,2,6,5,1,0,0
random_08,41,99.87407690758003,52,True,12,12,12,0,0,0,6,6,0,0,0
random_09,41,99.87407690758003,52,True,12,12,12,0,0,0,4,8,0,0,0
random_10,41,99.87407690758003,52,True,12,12,12,0,0,0,5,7,0,0,0
random_11,41,98.78345905175081,51,True,12,12,11,1,1,2,6,5,1,0,0
random_12,41,99.87407690758003,52,True,12,12,12,0,0,0,5,7,0,0,0
random_13,41,98.78345905175081,51,True,12,12,11,1,1,2,6,5,1,0,0
random_14,41,98.78345905175081,51,True,12,12,11,1,1,2,5,6,1,0,0
random_15,41,98.78345905175081,51,True,12,12,11,1,1,2,6,5,1,0,0
random_16,41,98.78345905175081,51,True,12,12,11,1,1,2,5,6,1,0,0
random_17,41,98.78345905175081,51,True,12,12,11,1,1,2,6,5,1,0,0
random_18,41,98.78345905175081,51,True,12,12,11,1,1,2,6,5,1,0,0
random_19,41,98.78345905175081,51,True,12,12,11,1,1,2,7,4,1,0,0
ascending,42,95.01329465856566,48,True,7,7,5,2,2,3,1,4,2,0,0
descending,42,92.77786903568865,48,True,7,7,5,2,2,4,4,1,2,0,0
random_00,42,95.01329465856566,48,True,7,7,5,2,2,3,2,3,2,0,0
random_01,42,95.01329465856566,48,True,7,7,5,2,2,3,1,4,2,0,0
random_02,42,94.8169500531383,49,True,7,7,5,2,2,3,2,3,2,0,0
random_03,42,92.974213641116,47,True,7,7,5,2,2,4,4,1,2,0,0
random_04,42,92.88684936066936,49,True,7,7,5,2,2,3,3,2,2,0,0
random_05,42,92.88684936066936,49,True,7,7,5,2,2,3,3,2,2,0,0
random_06,42,94.8169500531383,49,True,7,7,5,2,2,3,1,4,2,0,0
random_07,42,95.04997836288123,48,True,7,7,5,2,2,3,3,2,2,0,0
random_08,42,92.77786903568865,48,True,7,7,5,2,2,4,4,1,2,0,0
random_09,42,95.01329465856566,48,True,7,7,5,2,2,3,2,3,2,0,0
random_10,42,94.8169500531383,49,True,7,7,5,2,2,3,1,4,2,0,0
random_11,42,94.8169500531383,49,True,7,7,5,2,2,3,1,4,2,0,0
random_12,42,94.8169500531383,49,True,7,7,5,2,2,3,2,3,2,0,0
random_13,42,92.974213641116,47,True,7,7,5,2,2,4,4,1,2,0,0
random_14,42,92.88684936066936,49,True,7,7,5,2,2,3,3,2,2,0,0
random_15,42,95.04997836288123,48,True,7,7,5,2,2,3,3,2,2,0,0
random_16,42,93.08319396609673,48,True,7,7,5,2,2,3,2,3,2,0,0
random_17,42,92.77786903568865,48,True,7,7,5,2,2,4,4,1,2,0,0
random_18,42,95.01329465856566,48,True,7,7,5,2,2,3,1,4,2,0,0
random_19,42,94.8169500531383,49,True,7,7,5,2,2,3,2,3,2,0,0
ascending,43,94.13928160280416,46,True,10,10,8,2,2,3,4,4,2,0,0
descending,43,95.67006368170769,46,True,10,10,7,3,2,4,5,2,3,0,0
random_00,43,92.0717739865952,45,True,10,10,8,2,2,3,5,3,2,0,0
random_01,43,94.13928160280416,46,True,10,10,8,2,2,3,4,4,2,0,0
random_02,43,97.48879714922988,48,True,10,10,9,1,1,1,4,5,1,0,0
random_03,43,92.32054813528197,44,True,10,10,7,3,3,5,4,3,3,0,0
random_04,43,97.48879714922988,48,True,10,10,9,1,1,1,4,5,1,0,0
random_05,43,94.13928160280416,46,True,10,10,8,2,2,3,5,3,2,0,0
random_06,43,94.13928160280416,46,True,10,10,8,2,2,3,4,4,2,0,0
random_07,43,95.67006368170769,46,True,10,10,8,2,2,3,5,3,2,0,0
random_08,43,92.0717739865952,45,True,10,10,8,2,2,3,4,4,2,0,0
random_09,43,95.67006368170769,46,True,10,10,8,2,2,3,5,3,2,0,0
random_10,43,92.0717739865952,45,True,10,10,8,2,2,3,5,3,2,0,0
random_11,43,94.13928160280416,46,True,10,10,8,2,2,3,5,3,2,0,0
random_12,43,97.48879714922988,48,True,10,10,9,1,1,1,5,4,1,0,0
random_13,43,97.48879714922988,48,True,10,10,9,1,1,1,3,6,1,0,0
random_14,43,94.13928160280416,46,True,10,10,8,2,2,3,5,3,2,0,0
random_15,43,92.0717739865952,45,True,10,10,8,2,2,3,4,4,2,0,0
random_16,43,97.48879714922988,48,True,10,10,9,1,1,1,5,4,1,0,0
random_17,43,97.48879714922988,48,True,10,10,9,1,1,1,5,4,1,0,0
random_18,43,94.13928160280416,46,True,10,10,8,2,2,3,5,3,2,0,0
random_19,43,97.48879714922988,48,True,10,10,9,1,1,1,5,4,1,0,0
ascending,44,91.8712141832694,48,True,9,9,6,3,3,4,2,4,3,0,0
descending,44,97.67089969853002,50,True,10,10,9,1,1,1,5,4,1,0,0
random_00,44,95.49667103894157,50,True,9,9,7,2,2,3,4,3,2,0,0
random_01,44,97.67089969853002,50,True,10,10,9,1,1,1,5,4,1,0,0
random_02,44,91.7881900915836,48,True,10,10,7,3,3,4,5,2,3,0,0
random_03,44,97.67089969853002,50,True,10,10,9,1,1,1,4,5,1,0,0
random_04,44,95.49667103894157,50,True,9,9,7,2,2,3,4,3,2,0,0
random_05,44,95.49667103894157,50,True,9,9,7,2,2,3,4,3,2,0,0
random_06,44,95.49667103894157,50,True,9,9,7,2,2,3,4,3,2,0,0
random_07,44,97.67089969853002,50,True,10,10,9,1,1,1,4,5,1,0,0
random_08,44,97.67089969853002,50,True,10,10,9,1,1,1,4,5,1,0,0
random_09,44,97.67089969853002,50,True,10,10,9,1,1,1,4,5,1,0,0
random_10,44,95.49667103894157,50,True,9,9,7,2,2,3,4,3,2,0,0
random_11,44,97.67089969853002,50,True,10,10,9,1,1,1,3,6,1,0,0
random_12,44,97.67089969853002,50,True,10,10,9,1,1,1,3,6,1,0,0
random_13,44,91.8712141832694,48,True,9,9,6,3,3,4,3,3,3,0,0
random_14,44,97.67089969853002,50,True,10,10,9,1,1,1,4,5,1,0,0
random_15,44,91.7881900915836,48,True,10,10,7,3,3,4,3,4,3,0,0
random_16,44,97.67089969853002,50,True,10,10,9,1,1,1,4,5,1,0,0
random_17,44,91.8712141832694,48,True,9,9,6,3,3,4,2,4,3,0,0
random_18,44,95.57969513062739,50,True,8,8,6,2,2,3,2,4,2,0,0
random_19,44,95.49667103894157,50,True,9,9,7,2,2,3,3,4,2,0,0
ascending,45,96.94262505312302,49,True,7,7,5,2,2,2,4,1,2,0,0
descending,45,99.75678662473081,51,True,8,8,8,0,0,0,2,6,0,0,0
random_00,45,98.96133451860507,50,True,8,8,7,1,1,1,3,4,1,0,0
random_01,45,99.75678662473081,51,True,8,8,8,0,0,0,2,6,0,0,0
random_02,45,96.94262505312302,49,True,7,7,5,2,2,2,4,1,2,0,0
random_03,45,99.75678662473081,51,True,8,8,8,0,0,0,2,6,0,0,0
random_04,45,96.94262505312302,49,True,7,7,5,2,2,2,4,1,2,0,0
random_05,45,97.7380771592488,50,True,7,7,6,1,1,1,3,3,1,0,0
random_06,45,96.94262505312302,49,True,7,7,5,2,2,2,4,1,2,0,0
random_07,45,99.75678662473081,51,True,8,8,8,0,0,0,2,6,0,0,0
random_08,45,97.7380771592488,50,True,7,7,6,1,1,1,3,3,1,0,0
random_09,45,99.75678662473081,51,True,8,8,8,0,0,0,2,6,0,0,0
random_10,45,97.7380771592488,50,True,7,7,6,1,1,1,3,3,1,0,0
random_11,45,99.75678662473081,51,True,8,8,8,0,0,0,2,6,0,0,0
random_12,45,99.75678662473081,51,True,8,8,8,0,0,0,2,6,0,0,0
random_13,45,98.96133451860507,50,True,8,8,7,1,1,1,3,4,1,0,0
random_14,45,99.75678662473081,51,True,8,8,8,0,0,0,2,6,0,0,0
random_15,45,97.7380771592488,50,True,7,7,6,1,1,1,3,3,1,0,0
random_16,45,98.96133451860507,50,True,8,8,7,1,1,1,3,4,1,0,0
random_17,45,98.96133451860507,50,True,8,8,7,1,1,1,3,4,1,0,0
random_18,45,98.96133451860507,50,True,8,8,7,1,1,1,3,4,1,0,0
random_19,45,97.7380771592488,50,True,7,7,6,1,1,1,3,3,1,0,0
ascending,46,98.92536320032835,53,True,10,10,10,0,0,0,3,7,0,0,0
descending,46,97.2042297936869,52,True,6,6,5,1,1,1,5,0,1,0,0
random_00,46,98.92536320032835,53,True,10,10,10,0,0,0,5,5,0,0,0
random_01,46,96.71159433069381,51,True,9,9,8,1,1,2,4,4,1,0,0
random_02,46,96.71159433069381,51,True,9,9,8,1,1,2,5,3,1,0,0
random_03,46,97.2042297936869,52,True,6,6,5,1,1,1,5,0,1,0,0
random_04,46,97.2042297936869,52,True,6,6,5,1,1,1,5,0,1,0,0
random_05,46,98.92536320032835,53,True,10,10,10,0,0,0,5,5,0,0,0
random_06,46,97.2042297936869,52,True,6,6,5,1,1,1,5,0,1,0,0
random_07,46,97.10630048860857,52,True,7,7,6,1,1,1,5,1,1,0,0
random_08,46,98.92536320032835,53,True,10,10,10,0,0,0,4,6,0,0,0
random_09,46,96.71159433069381,51,True,9,9,8,1,1,2,5,3,1,0,0
random_10,46,98.92536320032835,53,True,10,10,10,0,0,0,5,5,0,0,0
random_11,46,96.71159433069381,51,True,9,9,8,1,1,2,4,4,1,0,0
random_12,46,97.2042297936869,52,True,6,6,5,1,1,1,5,0,1,0,0
random_13,46,97.2042297936869,52,True,6,6,5,1,1,1,5,0,1,0,0
random_14,46,96.71159433069381,51,True,9,9,8,1,1,2,5,3,1,0,0
random_15,46,98.92536320032835,53,True,10,10,10,0,0,0,5,5,0,0,0
random_16,46,97.2042297936869,52,True,6,6,5,1,1,1,5,0,1,0,0
random_17,46,97.2042297936869,52,True,6,6,5,1,1,1,5,0,1,0,0
random_18,46,97.2042297936869,52,True,6,6,5,1,1,1,5,0,1,0,0
random_19,46,98.92536320032835,53,True,10,10,10,0,0,0,5,5,0,0,0
ascending,47,97.73385169205946,51,True,13,13,12,1,1,2,7,5,1,0,0
descending,47,99.70181834556121,55,True,12,12,12,0,0,0,5,7,0,0,0
random_00,47,97.97164258668373,53,True,12,12,11,1,1,2,7,4,1,0,0
random_01,47,97.97164258668373,53,True,12,12,11,1,1,2,6,5,1,0,0
random_02,47,97.47053736158571,52,True,14,14,13,1,1,2,8,5,1,0,0
random_03,47,97.97164258668373,53,True,12,12,11,1,1,2,9,2,1,0,0
random_04,47,97.73385169205946,51,True,13,13,12,1,1,2,8,4,1,0,0
random_05,47,97.47053736158571,52,True,14,14,13,1,1,2,9,4,1,0,0
random_06,47,97.97164258668373,53,True,12,12,11,1,1,2,6,5,1,0,0
random_07,47,97.47053736158571,52,True,14,14,13,1,1,2,8,5,1,0,0
random_08,47,99.70181834556121,55,True,12,12,12,0,0,0,4,8,0,0,0
random_09,47,97.97164258668373,53,True,12,12,11,1,1,2,7,4,1,0,0
random_10,47,97.5865259195896,52,True,13,13,12,1,1,2,8,4,1,0,0
random_11,47,98.11896835915358,52,True,12,12,11,1,1,2,9,2,1,0,0
random_12,47,97.5865259195896,52,True,13,13,12,1,1,2,8,4,1,0,0
random_13,47,97.97164258668373,53,True,12,12,11,1,1,2,6,5,1,0,0
random_14,47,99.65819043711511,53,True,13,13,13,0,0,0,5,8,0,0,0
random_15,47,99.70181834556121,55,True,12,12,12,0,0,0,6,6,0,0,0
random_16,47,97.97164258668373,53,True,12,12,11,1,1,2,7,4,1,0,0
random_17,47,97.61786313405558,51,True,14,14,13,1,1,2,8,5,1,0,0
random_18,47,97.61786313405558,51,True,14,14,13,1,1,2,8,5,1,0,0
random_19,47,97.97164258668373,53,True,12,12,11,1,1,2,6,5,1,0,0
ascending,48,96.87926472614103,52,True,9,9,8,1,1,1,2,6,1,0,0
descending,48,92.82067143240431,49,True,8,8,6,2,2,4,3,3,2,0,0
random_00,48,96.87926472614103,52,True,9,9,8,1,1,1,4,4,1,0,0
random_01,48,96.87926472614103,52,True,9,9,8,1,1,1,3,5,1,0,0
random_02,48,92.60806199178268,51,True,8,8,6,2,2,3,3,3,2,0,0
random_03,48,95.53529890928309,51,True,9,9,8,1,1,2,2,6,1,0,0
random_04,48,95.53529890928309,51,True,9,9,8,1,1,2,4,4,1,0,0
random_05,48,95.53529890928309,51,True,9,9,8,1,1,2,4,4,1,0,0
random_06,48,95.53529890928309,51,True,9,9,8,1,1,2,4,4,1,0,0
random_07,48,95.53529890928309,51,True,9,9,8,1,1,2,3,5,1,0,0
random_08,48,95.53529890928309,51,True,9,9,8,1,1,2,4,4,1,0,0
random_09,48,96.87926472614103,52,True,9,9,8,1,1,1,3,5,1,0,0
random_10,48,96.87926472614103,52,True,9,9,8,1,1,1,4,4,1,0,0
random_11,48,95.53529890928309,51,True,9,9,8,1,1,2,3,5,1,0,0
random_12,48,95.53529890928309,51,True,9,9,8,1,1,2,2,6,1,0,0
random_13,48,95.53529890928309,51,True,9,9,8,1,1,2,4,4,1,0,0
random_14,48,96.87926472614103,52,True,9,9,8,1,1,1,3,5,1,0,0
random_15,48,91.26409617492472,50,True,8,8,6,2,2,4,2,4,2,0,0
random_16,48,92.82067143240431,49,True,8,8,6,2,2,4,2,4,2,0,0
random_17,48,91.26409617492472,50,True,8,8,6,2,2,4,3,3,2,0,0
random_18,48,96.87926472614103,52,True,9,9,8,1,1,1,4,4,1,0,0
random_19,48,96.87926472614103,52,True,9,9,8,1,1,1,3,5,1,0,0
ascending,49,99.45532466309375,51,True,12,12,11,1,1,1,6,5,1,0,0
descending,49,95.7446204337445,49,True,14,14,13,1,1,2,9,4,1,0,0
random_00,49,98.966074371042,50,True,12,12,11,1,1,3,8,3,1,0,0
random_01,49,98.966074371042,50,True,11,11,10,1,1,3,7,3,1,0,0
random_02,49,98.966074371042,50,True,11,11,10,1,1,3,7,3,1,0,0
random_03,49,99.44314908878371,50,True,12,12,11,1,1,2,9,2,1,0,0
random_04,49,98.966074371042,50,True,11,11,10,1,1,3,7,3,1,0,0
random_05,49,99.44314908878371,50,True,12,12,11,1,1,2,9,2,1,0,0
random_06,49,98.966074371042,50,True,11,11,10,1,1,3,7,3,1,0,0
random_07,49,99.44314908878371,50,True,11,11,10,1,1,2,8,2,1,0,0
random_08,49,98.966074371042,50,True,11,11,10,1,1,3,7,3,1,0,0
random_09,49,98.83641644241287,49,True,14,14,13,1,1,3,10,3,1,0,0
random_10,49,99.44314908878371,50,True,11,11,10,1,1,2,8,2,1,0,0
random_11,49,99.3134911601546,49,True,14,14,13,1,1,2,11,2,1,0,0
random_12,49,95.7446204337445,49,True,14,14,13,1,1,2,9,4,1,0,0
random_13,49,98.966074371042,50,True,11,11,10,1,1,3,7,3,1,0,0
random_14,49,95.8742783623736,50,True,11,11,10,1,1,2,6,4,1,0,0
random_15,49,99.44314908878371,50,True,11,11,10,1,1,2,8,2,1,0,0
random_16,49,98.966074371042,50,True,11,11,10,1,1,3,7,3,1,0,0
random_17,49,99.44314908878371,50,True,11,11,10,1,1,2,7,3,1,0,0
random_18,49,95.8742783623736,50,True,11,11,10,1,1,2,6,4,1,0,0
random_19,49,98.77750607812992,49,True,12,12,10,2,2,3,7,3,2,0,0
ascending,50,89.34874866324716,46,True,14,14,10,4,3,7,5,5,4,0,0
descending,50,92.81093118681714,49,True,14,14,12,2,2,4,8,4,2,0,0
random_00,50,93.39808850864821,49,True,15,15,13,2,2,3,8,5,2,0,0
random_01,50,89.34874866324716,46,True,14,14,11,3,3,6,7,4,3,0,0
random_02,50,93.0998470696644,48,True,14,14,12,2,2,3,5,7,2,0,0
random_03,50,93.39808850864821,49,True,15,15,13,2,2,3,7,6,2,0,0
random_04,50,89.55404959103463,47,True,15,15,10,5,3,9,8,2,5,0,0
random_05,50,89.28650160381585,46,True,14,14,10,4,3,9,8,2,4,0,0
random_06,50,93.19278758086075,48,True,14,14,12,2,2,3,6,6,2,0,0
random_07,50,89.49180253160331,47,True,15,15,12,3,3,6,8,4,3,0,0
random_08,50,89.55404959103463,47,True,15,15,11,4,3,7,6,5,4,0,0
random_09,50,89.55404959103463,47,True,15,15,12,3,3,6,6,6,3,0,0
random_10,50,89.2558081520508,46,True,14,14,10,4,3,8,4,6,4,0,0
random_11,50,92.63274697355354,48,True,13,13,11,2,2,4,7,4,2,0,0
random_12,50,89.58474304279964,47,True,15,15,11,4,3,9,8,3,4,0,0
random_13,50,93.39808850864821,49,True,15,15,13,2,2,3,8,5,2,0,0
random_14,50,93.0998470696644,48,True,14,14,12,2,2,3,6,6,2,0,0
random_15,50,89.34874866324716,46,True,14,14,9,5,3,9,5,4,5,0,0
random_16,50,89.49180253160331,47,True,15,15,12,3,3,6,9,3,3,0,0
random_17,50,89.49180253160331,47,True,15,15,12,3,3,6,10,2,3,0,0
random_18,50,89.64699010223097,47,True,15,15,10,5,3,9,8,2,5,0,0
random_19,50,89.55404959103463,47,True,15,15,11,4,3,8,8,3,4,0,0
ascending,51,100.0,53,True,12,12,12,0,0,0,5,7,0,0,0
descending,51,97.69008398732025,53,True,11,11,10,1,1,2,4,6,1,0,0
random_00,51,98.26052717181562,52,True,12,12,11,1,1,2,10,1,1,0,0
random_01,51,99.89789868672311,53,True,13,13,13,0,0,0,7,6,0,0,0
random_02,51,100.0,53,True,12,12,12,0,0,0,8,4,0,0,0
random_03,51,99.89789868672311,53,True,13,13,13,0,0,0,8,5,0,0,0
random_04,51,100.0,53,True,12,12,12,0,0,0,6,6,0,0,0
random_05,51,100.0,53,True,12,12,12,0,0,0,6,6,0,0,0
random_06,51,98.26052717181562,52,True,12,12,11,1,1,2,8,3,1,0,0
random_07,51,100.0,53,True,12,12,12,0,0,0,7,5,0,0,0
random_08,51,99.89789868672311,53,True,13,13,13,0,0,0,8,5,0,0,0
random_09,51,98.26052717181562,52,True,12,12,11,1,1,2,7,4,1,0,0
random_10,51,98.26052717181562,52,True,12,12,11,1,1,2,8,3,1,0,0
random_11,51,98.26052717181562,52,True,12,12,11,1,1,2,9,2,1,0,0
random_12,51,98.26052717181562,52,True,12,12,11,1,1,2,7,4,1,0,0
random_13,51,100.0,53,True,12,12,12,0,0,0,5,7,0,0,0
random_14,51,98.26052717181562,52,True,12,12,11,1,1,2,6,5,1,0,0
random_15,51,98.26052717181562,52,True,12,12,11,1,1,2,7,4,1,0,0
random_16,51,98.26052717181562,52,True,12,12,11,1,1,2,9,2,1,0,0
random_17,51,98.26052717181562,52,True,12,12,11,1,1,2,7,4,1,0,0
random_18,51,99.89789868672311,53,True,13,13,13,0,0,0,8,5,0,0,0
random_19,51,98.26052717181562,52,True,12,12,11,1,1,2,8,3,1,0,0
ascending,52,98.60665089948297,50,True,10,10,9,1,1,1,4,5,1,0,0
descending,52,98.51220850513168,51,True,13,13,12,1,1,1,8,4,1,0,0
random_00,52,97.37702026608027,49,True,13,13,12,1,1,2,8,4,1,0,0
random_01,52,98.60665089948297,50,True,12,12,11,1,1,1,7,4,1,0,0
random_02,52,98.60665089948297,50,True,11,11,10,1,1,1,5,5,1,0,0
random_03,52,95.87743969139416,48,True,13,13,11,2,2,3,6,5,2,0,0
random_04,52,98.60665089948297,50,True,11,11,10,1,1,1,5,5,1,0,0
random_05,52,95.87743969139416,48,True,13,13,11,2,2,3,7,4,2,0,0
random_06,52,98.60665089948297,50,True,12,12,11,1,1,1,7,4,1,0,0
random_07,52,98.51220850513168,51,True,12,12,11,1,1,1,6,5,1,0,0
random_08,52,98.51220850513168,51,True,13,13,12,1,1,1,6,6,1,0,0
random_09,52,97.37702026608027,49,True,12,12,11,1,1,2,6,5,1,0,0
random_10,52,97.37702026608027,49,True,13,13,12,1,1,2,8,4,1,0,0
random_11,52,98.60665089948297,50,True,13,13,12,1,1,1,7,5,1,0,0
random_12,52,95.87743969139416,48,True,12,12,10,2,2,3,6,4,2,0,0
random_13,52,98.51220850513168,51,True,13,13,12,1,1,1,7,5,1,0,0
random_14,52,95.87743969139416,48,True,12,12,10,2,2,3,7,3,2,0,0
random_15,52,95.78299729704285,49,True,13,13,11,2,2,3,7,4,2,0,0
random_16,52,98.60665089948297,50,True,11,11,10,1,1,1,6,4,1,0,0
random_17,52,95.87743969139416,48,True,13,13,11,2,2,3,7,4,2,0,0
random_18,52,98.60665089948297,50,True,13,13,12,1,1,1,5,7,1,0,0
random_19,52,98.60665089948297,50,True,12,12,11,1,1,1,6,5,1,0,0
ascending,53,91.52911195146264,45,True,9,9,6,3,3,4,4,2,3,0,0
descending,53,93.26002492543212,46,True,8,8,6,2,2,3,3,3,2,0,0
random_00,53,98.54043332111381,49,True,9,9,8,1,1,1,4,4,1,0,0
random_01,53,93.26002492543212,46,True,9,9,7,2,2,3,5,2,2,0,0
random_02,53,93.26002492543212,46,True,9,9,7,2,2,3,4,3,2,0,0
random_03,53,93.26002492543212,46,True,9,9,7,2,2,3,4,3,2,0,0
random_04,53,93.26002492543212,46,True,8,8,6,2,2,3,4,2,2,0,0
random_05,53,93.8192974794227,45,True,9,9,6,3,2,6,3,3,3,0,0
random_06,53,93.77645422107975,45,True,11,11,9,2,2,4,5,4,2,0,0
random_07,53,91.52911195146264,45,True,9,9,5,4,3,5,4,1,4,0,0
random_08,53,93.12462180798283,47,True,9,9,7,2,2,3,5,2,2,0,0
random_09,53,98.58327657945676,49,True,8,8,7,1,1,1,3,4,1,0,0
random_10,53,93.26002492543212,46,True,9,9,7,2,2,3,6,1,2,0,0
random_11,53,98.54043332111381,49,True,11,11,10,1,1,1,4,6,1,0,0
random_12,53,93.77645422107975,45,True,11,11,9,2,2,4,5,4,2,0,0
random_13,53,91.52911195146264,45,True,9,9,6,3,3,4,5,1,3,0,0
random_14,53,90.47825688591814,45,True,9,9,6,3,3,5,5,1,3,0,0
random_15,53,93.26002492543212,46,True,9,9,7,2,2,3,4,3,2,0,0
random_16,53,93.77645422107975,45,True,10,10,7,3,2,6,4,3,3,0,0
random_17,53,91.52911195146264,45,True,9,9,6,3,3,4,4,2,3,0,0
random_18,53,91.52911195146264,45,True,9,9,6,3,3,4,5,1,3,0,0
random_19,53,98.54043332111381,49,True,9,9,8,1,1,1,3,5,1,0,0
ascending,54,96.76416629905336,50,True,10,10,9,1,1,1,6,3,1,0,0
descending,54,95.56761215529067,50,True,12,12,10,2,2,2,6,4,2,0,0
random_00,54,92.6285706210512,48,True,10,10,8,2,2,4,7,1,2,0,0
random_01,54,96.79502078880351,50,True,10,10,9,1,1,1,7,2,1,0,0
random_02,54,92.6285706210512,48,True,10,10,8,2,2,4,8,0,2,0,0
random_03,54,92.5878806835922,48,True,10,10,8,2,2,4,7,1,2,0,0
random_04,54,96.79502078880351,50,True,10,10,9,1,1,1,7,2,1,0,0
random_05,54,96.76416629905336,50,True,10,10,9,1,1,1,7,2,1,0,0
random_06,54,95.56761215529067,50,True,12,12,10,2,2,2,6,4,2,0,0
random_07,54,96.72347636159436,50,True,10,10,9,1,1,1,6,3,1,0,0
random_08,54,92.6285706210512,48,True,10,10,8,2,2,4,8,0,2,0,0
random_09,54,96.76416629905336,50,True,10,10,9,1,1,1,6,3,1,0,0
random_10,54,96.72347636159436,50,True,10,10,9,1,1,1,7,2,1,0,0
random_11,54,96.79502078880351,50,True,10,10,9,1,1,1,6,3,1,0,0
random_12,54,92.5878806835922,48,True,10,10,8,2,2,4,8,0,2,0,0
random_13,54,92.5878806835922,48,True,10,10,8,2,2,4,8,0,2,0,0
random_14,54,96.79502078880351,50,True,10,10,9,1,1,1,7,2,1,0,0
random_15,54,92.6285706210512,48,True,10,10,8,2,2,4,6,2,2,0,0
random_16,54,96.75433085134452,50,True,10,10,9,1,1,1,7,2,1,0,0
random_17,54,96.79194747069745,50,True,10,10,9,1,1,1,6,3,1,0,0
random_18,54,96.76416629905336,50,True,10,10,9,1,1,1,6,3,1,0,0
random_19,54,96.72347636159436,50,True,10,10,9,1,1,1,6,3,1,0,0
ascending,55,99.32676887799857,51,True,6,6,6,0,0,0,2,4,0,0,0
descending,55,99.32676887799857,51,True,6,6,6,0,0,0,3,3,0,0,0
random_00,55,99.32676887799857,51,True,6,6,6,0,0,0,3,3,0,0,0
random_01,55,99.32676887799857,51,True,6,6,6,0,0,0,2,4,0,0,0
random_02,55,99.32676887799857,51,True,6,6,6,0,0,0,3,3,0,0,0
random_03,55,99.32676887799857,51,True,6,6,6,0,0,0,2,4,0,0,0
random_04,55,99.32676887799857,51,True,6,6,6,0,0,0,3,3,0,0,0
random_05,55,99.32676887799857,51,True,6,6,6,0,0,0,3,3,0,0,0
random_06,55,99.32676887799857,51,True,6,6,6,0,0,0,2,4,0,0,0
random_07,55,99.32676887799857,51,True,6,6,6,0,0,0,2,4,0,0,0
random_08,55,99.32676887799857,51,True,6,6,6,0,0,0,2,4,0,0,0
random_09,55,99.32676887799857,51,True,6,6,6,0,0,0,2,4,0,0,0
random_10,55,99.32676887799857,51,True,6,6,6,0,0,0,3,3,0,0,0
random_11,55,99.32676887799857,51,True,6,6,6,0,0,0,3,3,0,0,0
random_12,55,99.32676887799857,51,True,6,6,6,0,0,0,2,4,0,0,0
random_13,55,99.32676887799857,51,True,6,6,6,0,0,0,3,3,0,0,0
random_14,55,99.32676887799857,51,True,6,6,6,0,0,0,2,4,0,0,0
random_15,55,99.32676887799857,51,True,6,6,6,0,0,0,2,4,0,0,0
random_16,55,99.32676887799857,51,True,6,6,6,0,0,0,2,4,0,0,0
random_17,55,99.32676887799857,51,True,6,6,6,0,0,0,3,3,0,0,0
random_18,55,99.32676887799857,51,True,6,6,6,0,0,0,2,4,0,0,0
random_19,55,99.32676887799857,51,True,6,6,6,0,0,0,2,4,0,0,0
ascending,56,96.98271624028632,48,True,11,11,10,1,1,1,7,3,1,0,0
descending,56,93.64801716271963,46,True,11,11,9,2,1,3,7,2,2,0,0
random_00,56,94.0222566093391,46,True,10,10,8,2,1,3,6,2,2,0,0
random_01,56,96.98271624028632,48,True,11,11,10,1,1,1,7,3,1,0,0
random_02,56,93.64801716271963,46,True,11,11,10,1,1,2,8,2,1,0,0
random_03,56,96.98271624028632,48,True,10,10,9,1,1,1,6,3,1,0,0
random_04,56,93.64801716271963,46,True,11,11,9,2,1,3,7,2,2,0,0
random_05,56,96.60847679366685,48,True,12,12,11,1,1,1,7,4,1,0,0
random_06,56,93.64801716271963,46,True,11,11,9,2,1,3,7,2,2,0,0
random_07,56,96.60847679366685,48,True,13,13,12,1,1,1,8,4,1,0,0
random_08,56,94.0222566093391,46,True,9,9,7,2,1,3,5,2,2,0,0
random_09,56,96.60847679366685,48,True,13,13,12,1,1,1,9,3,1,0,0
random_10,56,96.98271624028632,48,True,11,11,10,1,1,1,6,4,1,0,0
random_11,56,96.60847679366685,48,True,13,13,12,1,1,1,8,4,1,0,0
random_12,56,94.0222566093391,46,True,9,9,7,2,1,3,5,2,2,0,0
random_13,56,96.60847679366685,48,True,13,13,12,1,1,1,8,4,1,0,0
random_14,56,93.64801716271963,46,True,11,11,10,1,1,2,8,2,1,0,0
random_15,56,94.0222566093391,46,True,9,9,7,2,1,3,5,2,2,0,0
random_16,56,96.60847679366685,48,True,11,11,10,1,1,1,7,3,1,0,0
random_17,56,96.98271624028632,48,True,11,11,10,1,1,1,6,4,1,0,0
random_18,56,96.60847679366685,48,True,12,12,11,1,1,1,8,3,1,0,0
random_19,56,96.60847679366685,48,True,12,12,11,1,1,1,8,3,1,0,0
ascending,57,98.35943507528698,53,True,10,10,9,1,1,2,5,4,1,0,0
descending,57,97.94060926015484,53,True,12,12,11,1,1,2,5,6,1,0,0
random_00,57,98.22545079213012,53,True,11,11,10,1,1,2,5,5,1,0,0
random_01,57,98.0745935433117,53,True,12,12,11,1,1,2,6,5,1,0,0
random_02,57,97.55060105890104,52,True,12,12,11,1,1,2,5,6,1,0,0
random_03,57,98.35943507528698,53,True,11,11,10,1,1,2,5,5,1,0,0
random_04,57,98.35943507528698,53,True,11,11,10,1,1,2,5,5,1,0,0
random_05,57,98.22545079213012,53,True,10,10,9,1,1,2,4,5,1,0,0
random_06,57,98.0745935433117,53,True,13,13,12,1,1,2,5,7,1,0,0
random_07,57,98.22545079213012,53,True,11,11,10,1,1,2,4,6,1,0,0
random_08,57,98.35943507528698,53,True,11,11,10,1,1,2,6,4,1,0,0
random_09,57,98.0745935433117,53,True,13,13,12,1,1,2,7,5,1,0,0
random_10,57,98.0745935433117,53,True,13,13,12,1,1,2,7,5,1,0,0
random_11,57,98.22545079213012,53,True,11,11,10,1,1,2,7,3,1,0,0
random_12,57,98.0745935433117,53,True,13,13,12,1,1,2,6,6,1,0,0
random_13,57,98.35943507528698,53,True,10,10,9,1,1,2,6,3,1,0,0
random_14,57,98.35943507528698,53,True,9,9,8,1,1,2,4,4,1,0,0
random_15,57,97.94060926015484,53,True,12,12,11,1,1,2,6,5,1,0,0
random_16,57,97.55060105890104,52,True,13,13,12,1,1,2,6,6,1,0,0
random_17,57,98.0745935433117,53,True,11,11,10,1,1,2,5,5,1,0,0
random_18,57,98.0745935433117,53,True,13,13,12,1,1,2,6,6,1,0,0
random_19,57,97.55060105890104,52,True,13,13,12,1,1,2,7,5,1,0,0
ascending,58,90.58816555650833,42,True,13,13,10,3,3,4,4,6,3,0,0
descending,58,90.24342057917512,43,True,14,14,10,4,3,6,6,4,4,0,0
random_00,58,89.23581987865994,44,True,13,13,10,3,3,5,6,4,3,0,0
random_01,58,88.11678977434558,42,True,13,13,9,4,4,6,4,5,4,0,0
random_02,58,89.58761332474624,43,True,12,12,9,3,3,6,4,5,3,0,0
random_03,58,90.48156788090492,42,True,14,14,11,3,3,5,8,3,3,0,0
random_04,58,88.11678977434558,42,True,14,14,10,4,4,6,5,5,4,0,0
random_05,58,88.76377281975424,42,True,12,12,9,3,3,6,5,4,3,0,0
random_06,58,88.01019209874217,42,True,14,14,9,5,4,8,5,4,5,0,0
random_07,58,91.39103559331318,43,True,14,14,11,3,2,5,5,6,3,0,0
random_08,58,89.3960668303434,43,True,13,13,10,3,3,6,7,3,3,0,0
random_09,58,90.48156788090492,42,True,14,14,11,3,3,5,6,5,3,0,0
random_10,58,88.44067669922502,43,True,13,13,10,3,3,5,6,4,3,0,0
random_11,58,90.48156788090492,42,True,13,13,10,3,3,5,4,6,3,0,0
random_12,58,89.50266450594683,43,True,13,13,9,4,3,6,6,3,4,0,0
random_13,58,88.76377281975424,42,True,12,12,9,3,3,6,6,3,3,0,0
random_14,58,91.41200606150035,43,True,14,14,11,3,3,4,5,6,3,0,0
random_15,58,91.30540838589694,43,True,14,14,11,3,3,5,7,4,3,0,0
random_16,58,87.65012737186247,42,True,14,14,10,4,4,6,7,3,4,0,0
random_17,58,90.24342057917512,43,True,13,13,10,3,3,5,6,4,3,0,0
random_18,58,88.67882400095482,42,True,13,13,10,3,3,5,5,5,3,0,0
random_19,58,90.58816555650833,42,True,14,14,10,4,3,5,4,6,4,0,0
ascending,59,97.55039529823597,51,True,8,8,7,1,1,1,6,1,1,0,0
descending,59,97.76241996391394,51,True,7,7,6,1,1,1,5,1,1,0,0
random_00,59,97.55039529823597,51,True,8,8,7,1,1,1,6,1,1,0,0
random_01,59,97.76241996391394,51,True,7,7,6,1,1,1,5,1,1,0,0
random_02,59,97.76241996391394,51,True,7,7,6,1,1,1,5,1,1,0,0
random_03,59,97.76241996391394,51,True,7,7,6,1,1,1,5,1,1,0,0
random_04,59,97.55039529823597,51,True,8,8,7,1,1,1,6,1,1,0,0
random_05,59,97.76241996391394,51,True,7,7,6,1,1,1,5,1,1,0,0
random_06,59,97.55039529823597,51,True,8,8,7,1,1,1,6,1,1,0,0
random_07,59,97.76241996391394,51,True,7,7,6,1,1,1,5,1,1,0,0
random_08,59,97.76241996391394,51,True,7,7,6,1,1,1,5,1,1,0,0
random_09,59,97.47145204738239,51,True,8,8,7,1,1,1,6,1,1,0,0
random_10,59,97.76241996391394,51,True,7,7,6,1,1,1,5,1,1,0,0
random_11,59,97.76241996391394,51,True,7,7,6,1,1,1,5,1,1,0,0
random_12,59,97.76241996391394,51,True,7,7,6,1,1,1,5,1,1,0,0
random_13,59,97.76241996391394,51,True,7,7,6,1,1,1,5,1,1,0,0
random_14,59,97.47145204738239,51,True,8,8,7,1,1,1,6,1,1,0,0
random_15,59,97.55039529823597,51,True,8,8,7,1,1,1,6,1,1,0,0
random_16,59,97.47145204738239,51,True,8,8,7,1,1,1,6,1,1,0,0
random_17,59,97.76241996391394,51,True,7,7,6,1,1,1,5,1,1,0,0
random_18,59,97.76241996391394,51,True,7,7,6,1,1,1,5,1,1,0,0
random_19,59,97.76241996391394,51,True,7,7,6,1,1,1,5,1,1,0,0
ascending,60,99.54031442142079,55,True,7,7,7,0,0,0,2,5,0,0,0
descending,60,99.54031442142079,55,True,7,7,7,0,0,0,2,5,0,0,0
random_00,60,99.54031442142079,55,True,7,7,7,0,0,0,2,5,0,0,0
random_01,60,99.54031442142079,55,True,7,7,7,0,0,0,2,5,0,0,0
random_02,60,99.54031442142079,55,True,7,7,7,0,0,0,2,5,0,0,0
random_03,60,99.54031442142079,55,True,7,7,7,0,0,0,2,5,0,0,0
random_04,60,99.54031442142079,55,True,7,7,7,0,0,0,2,5,0,0,0
random_05,60,99.54031442142079,55,True,7,7,7,0,0,0,2,5,0,0,0
random_06,60,99.54031442142079,55,True,7,7,7,0,0,0,2,5,0,0,0
random_07,60,99.54031442142079,55,True,7,7,7,0,0,0,2,5,0,0,0
random_08,60,99.54031442142079,55,True,7,7,7,0,0,0,2,5,0,0,0
random_09,60,99.54031442142079,55,True,7,7,7,0,0,0,2,5,0,0,0
random_10,60,99.54031442142079,55,True,7,7,7,0,0,0,2,5,0,0,0
random_11,60,99.54031442142079,55,True,7,7,7,0,0,0,2,5,0,0,0
random_12,60,99.54031442142079,55,True,7,7,7,0,0,0,2,5,0,0,0
random_13,60,99.54031442142079,55,True,7,7,7,0,0,0,2,5,0,0,0
random_14,60,99.54031442142079,55,True,7,7,7,0,0,0,2,5,0,0,0
random_15,60,99.54031442142079,55,True,7,7,7,0,0,0,2,5,0,0,0
random_16,60,99.54031442142079,55,True,7,7,7,0,0,0,2,5,0,0,0
random_17,60,99.54031442142079,55,True,7,7,7,0,0,0,2,5,0,0,0
random_18,60,99.54031442142079,55,True,7,7,7,0,0,0,2,5,0,0,0
random_19,60,99.54031442142079,55,True,7,7,7,0,0,0,2,5,0,0,0
ascending,61,93.8883800745835,50,True,10,10,8,2,2,3,5,3,2,0,0
descending,61,95.06573931140778,49,True,10,10,8,2,1,3,4,4,2,0,0
random_00,61,93.13188675565812,49,True,11,11,9,2,2,4,6,3,2,0,0
random_01,61,95.06573931140778,49,True,11,11,9,2,1,3,5,4,2,0,0
random_02,61,95.06573931140778,49,True,10,10,9,1,1,2,3,6,1,0,0
random_03,61,94.72643699347537,49,True,11,11,10,1,1,2,5,5,1,0,0
random_04,61,95.06573931140778,49,True,10,10,8,2,1,3,4,4,2,0,0
random_05,61,95.06573931140778,49,True,11,11,10,1,1,2,5,5,1,0,0
random_06,61,95.06573931140778,49,True,11,11,9,2,1,3,5,4,2,0,0
random_07,61,95.06573931140778,49,True,11,11,9,2,1,3,4,5,2,0,0
random_08,61,95.06573931140778,49,True,11,11,9,2,1,3,6,3,2,0,0
random_09,61,95.06573931140778,49,True,11,11,10,1,1,2,6,4,1,0,0
random_10,61,94.72643699347537,49,True,11,11,9,2,1,3,5,4,2,0,0
random_11,61,94.72643699347537,49,True,11,11,9,2,1,3,4,5,2,0,0
random_12,61,95.06573931140778,49,True,11,11,9,2,1,3,6,3,2,0,0
random_13,61,95.06573931140778,49,True,11,11,9,2,1,3,4,5,2,0,0
random_14,61,93.13188675565812,49,True,11,11,9,2,2,4,6,3,2,0,0
random_15,61,95.06573931140778,49,True,11,11,9,2,1,3,5,4,2,0,0
random_16,61,93.13188675565812,49,True,11,11,9,2,2,4,6,3,2,0,0
random_17,61,95.06573931140778,49,True,10,10,8,2,1,3,3,5,2,0,0
random_18,61,95.06573931140778,49,True,11,11,10,1,1,2,4,6,1,0,0
random_19,61,95.06573931140778,49,True,10,10,8,2,1,3,3,5,2,0,0
ascending,62,99.68340975062547,51,True,11,11,11,0,0,0,5,6,0,0,0
descending,62,100.0,51,True,10,10,10,0,0,0,6,4,0,0,0
random_00,62,100.0,51,True,10,10,10,0,0,0,5,5,0,0,0
random_01,62,99.68340975062547,51,True,11,11,11,0,0,0,6,5,0,0,0
random_02,62,99.76229609132244,52,True,11,11,11,0,0,0,6,5,0,0,0
random_03,62,99.76229609132244,52,True,11,11,11,0,0,0,7,4,0,0,0
random_04,62,100.0,51,True,10,10,10,0,0,0,5,5,0,0,0
random_05,62,100.0,51,True,10,10,10,0,0,0,6,4,0,0,0
random_06,62,99.76229609132244,52,True,11,11,11,0,0,0,5,6,0,0,0
random_07,62,100.0,51,True,10,10,10,0,0,0,6,4,0,0,0
random_08,62,99.76229609132244,52,True,11,11,11,0,0,0,7,4,0,0,0
random_09,62,100.0,51,True,10,10,10,0,0,0,6,4,0,0,0
random_10,62,99.76229609132244,52,True,11,11,11,0,0,0,7,4,0,0,0
random_11,62,100.0,51,True,10,10,10,0,0,0,6,4,0,0,0
random_12,62,100.0,51,True,10,10,10,0,0,0,5,5,0,0,0
random_13,62,100.0,51,True,10,10,10,0,0,0,6,4,0,0,0
random_14,62,100.0,51,True,10,10,10,0,0,0,5,5,0,0,0
random_15,62,100.0,51,True,10,10,10,0,0,0,6,4,0,0,0
random_16,62,99.68340975062547,51,True,11,11,11,0,0,0,6,5,0,0,0
random_17,62,99.68340975062547,51,True,11,11,11,0,0,0,6,5,0,0,0
random_18,62,99.76229609132244,52,True,11,11,11,0,0,0,6,5,0,0,0
random_19,62,99.76229609132244,52,True,11,11,11,0,0,0,6,5,0,0,0
ascending,63,96.80729656476561,53,True,5,5,4,1,1,1,3,1,1,0,0
descending,63,96.80729656476561,53,True,5,5,4,1,1,1,2,2,1,0,0
random_00,63,96.80729656476561,53,True,5,5,4,1,1,1,2,2,1,0,0
random_01,63,96.80729656476561,53,True,5,5,4,1,1,1,3,1,1,0,0
random_02,63,96.80729656476561,53,True,5,5,4,1,1,1,2,2,1,0,0
random_03,63,96.80729656476561,53,True,5,5,4,1,1,1,3,1,1,0,0
random_04,63,96.80729656476561,53,True,5,5,4,1,1,1,2,2,1,0,0
random_05,63,96.80729656476561,53,True,5,5,4,1,1,1,3,1,1,0,0
random_06,63,96.80729656476561,53,True,5,5,4,1,1,1,2,2,1,0,0
random_07,63,96.80729656476561,53,True,5,5,4,1,1,1,3,1,1,0,0
random_08,63,96.80729656476561,53,True,5,5,4,1,1,1,2,2,1,0,0
random_09,63,96.80729656476561,53,True,5,5,4,1,1,1,3,1,1,0,0
random_10,63,96.80729656476561,53,True,5,5,4,1,1,1,3,1,1,0,0
random_11,63,96.80729656476561,53,True,5,5,4,1,1,1,2,2,1,0,0
random_12,63,96.80729656476561,53,True,5,5,4,1,1,1,3,1,1,0,0
random_13,63,96.80729656476561,53,True,5,5,4,1,1,1,3,1,1,0,0
random_14,63,96.80729656476561,53,True,5,5,4,1,1,1,3,1,1,0,0
random_15,63,96.80729656476561,53,True,5,5,4,1,1,1,3,1,1,0,0
random_16,63,96.80729656476561,53,True,5,5,4,1,1,1,2,2,1,0,0
random_17,63,96.80729656476561,53,True,5,5,4,1,1,1,2,2,1,0,0
random_18,63,96.80729656476561,53,True,5,5,4,1,1,1,3,1,1,0,0
random_19,63,96.80729656476561,53,True,5,5,4,1,1,1,3,1,1,0,0
ascending,64,99.84968896890794,55,True,8,8,8,0,0,0,6,2,0,0,0
descending,64,99.84968896890794,55,True,8,8,8,0,0,0,4,4,0,0,0
random_00,64,99.84968896890794,55,True,8,8,8,0,0,0,6,2,0,0,0
random_01,64,99.84968896890794,55,True,8,8,8,0,0,0,4,4,0,0,0
random_02,64,99.84968896890794,55,True,8,8,8,0,0,0,5,3,0,0,0
random_03,64,99.84968896890794,55,True,8,8,8,0,0,0,5,3,0,0,0
random_04,64,99.84968896890794,55,True,8,8,8,0,0,0,5,3,0,0,0
random_05,64,99.84968896890794,55,True,8,8,8,0,0,0,5,3,0,0,0
random_06,64,99.84968896890794,55,True,8,8,8,0,0,0,5,3,0,0,0
random_07,64,99.84968896890794,55,True,8,8,8,0,0,0,4,4,0,0,0
random_08,64,99.84968896890794,55,True,8,8,8,0,0,0,5,3,0,0,0
random_09,64,99.84968896890794,55,True,8,8,8,0,0,0,5,3,0,0,0
random_10,64,99.84968896890794,55,True,8,8,8,0,0,0,5,3,0,0,0
random_11,64,99.84968896890794,55,True,8,8,8,0,0,0,6,2,0,0,0
random_12,64,99.84968896890794,55,True,8,8,8,0,0,0,4,4,0,0,0
random_13,64,99.84968896890794,55,True,8,8,8,0,0,0,5,3,0,0,0
random_14,64,99.84968896890794,55,True,8,8,8,0,0,0,5,3,0,0,0
random_15,64,99.84968896890794,55,True,8,8,8,0,0,0,5,3,0,0,0
random_16,64,99.84968896890794,55,True,8,8,8,0,0,0,4,4,0,0,0
random_17,64,99.84968896890794,55,True,8,8,8,0,0,0,6,2,0,0,0
random_18,64,99.84968896890794,55,True,8,8,8,0,0,0,5,3,0,0,0
random_19,64,99.84968896890794,55,True,8,8,8,0,0,0,5,3,0,0,0
ascending,65,97.31055936634682,49,True,8,8,6,2,2,2,2,4,2,0,0
descending,65,96.45570496630194,50,True,12,12,11,1,1,2,6,5,1,0,0
random_00,65,96.45570496630194,50,True,12,12,11,1,1,2,6,5,1,0,0
random_01,65,95.27938372057191,50,True,12,12,10,2,2,3,5,5,2,0,0
random_02,65,96.45570496630194,50,True,12,12,11,1,1,2,8,3,1,0,0
random_03,65,96.45570496630194,50,True,12,12,11,1,1,2,6,5,1,0,0
random_04,65,96.45570496630194,50,True,12,12,11,1,1,2,7,4,1,0,0
random_05,65,96.45570496630194,50,True,12,12,11,1,1,2,7,4,1,0,0
random_06,65,95.27938372057191,50,True,12,12,10,2,2,3,6,4,2,0,0
random_07,65,95.27938372057191,50,True,12,12,10,2,2,3,5,5,2,0,0
random_08,65,95.27938372057191,50,True,12,12,10,2,2,3,5,5,2,0,0
random_09,65,96.45570496630194,50,True,12,12,11,1,1,2,6,5,1,0,0
random_10,65,97.31055936634682,49,True,8,8,6,2,2,2,2,4,2,0,0
random_11,65,95.27938372057191,50,True,12,12,10,2,2,3,5,5,2,0,0
random_12,65,96.45570496630194,50,True,12,12,11,1,1,2,7,4,1,0,0
random_13,65,98.80845253309518,51,True,9,9,8,1,1,1,4,4,1,0,0
random_14,65,96.45570496630194,50,True,12,12,11,1,1,2,8,3,1,0,0
random_15,65,96.45570496630194,50,True,12,12,11,1,1,2,8,3,1,0,0
random_16,65,97.31055936634682,49,True,8,8,6,2,2,2,2,4,2,0,0
random_17,65,96.45570496630194,50,True,12,12,11,1,1,2,7,4,1,0,0
random_18,65,98.80845253309518,51,True,9,9,8,1,1,1,4,4,1,0,0
random_19,65,96.45570496630194,50,True,12,12,11,1,1,2,6,5,1,0,0
ascending,66,100.0,46,True,13,13,13,0,0,0,9,4,0,0,0
descending,66,99.8964269002126,48,True,13,13,13,0,0,0,7,6,0,0,0
random_00,66,99.8964269002126,48,True,13,13,13,0,0,0,9,4,0,0,0
random_01,66,100.0,46,True,13,13,13,0,0,0,7,6,0,0,0
random_02,66,100.0,46,True,13,13,13,0,0,0,8,5,0,0,0
random_03,66,99.8964269002126,48,True,13,13,13,0,0,0,6,7,0,0,0
random_04,66,99.8964269002126,48,True,13,13,13,0,0,0,7,6,0,0,0
random_05,66,100.0,46,True,13,13,13,0,0,0,10,3,0,0,0
random_06,66,100.0,46,True,13,13,13,0,0,0,7,6,0,0,0
random_07,66,99.8964269002126,48,True,13,13,13,0,0,0,8,5,0,0,0
random_08,66,99.8964269002126,48,True,13,13,13,0,0,0,7,6,0,0,0
random_09,66,99.8964269002126,48,True,13,13,13,0,0,0,6,7,0,0,0
random_10,66,99.8964269002126,48,True,13,13,13,0,0,0,7,6,0,0,0
random_11,66,99.8964269002126,48,True,13,13,13,0,0,0,7,6,0,0,0
random_12,66,100.0,46,True,13,13,13,0,0,0,8,5,0,0,0
random_13,66,100.0,46,True,13,13,13,0,0,0,9,4,0,0,0
random_14,66,100.0,46,True,13,13,13,0,0,0,8,5,0,0,0
random_15,66,99.8964269002126,48,True,13,13,13,0,0,0,6,7,0,0,0
random_16,66,100.0,46,True,13,13,13,0,0,0,10,3,0,0,0
random_17,66,100.0,46,True,13,13,13,0,0,0,8,5,0,0,0
random_18,66,100.0,46,True,13,13,13,0,0,0,7,6,0,0,0
random_19,66,100.0,46,True,13,13,13,0,0,0,10,3,0,0,0
ascending,67,96.98499798045286,49,True,7,7,6,1,1,1,4,2,1,0,0
descending,67,96.98499798045286,49,True,7,7,6,1,1,1,3,3,1,0,0
random_00,67,96.98499798045286,49,True,7,7,6,1,1,1,5,1,1,0,0
random_01,67,96.98499798045286,49,True,7,7,6,1,1,1,5,1,1,0,0
random_02,67,96.98499798045286,49,True,7,7,6,1,1,1,4,2,1,0,0
random_03,67,96.98499798045286,49,True,7,7,6,1,1,1,5,1,1,0,0
random_04,67,96.98499798045286,49,True,7,7,6,1,1,1,3,3,1,0,0
random_05,67,96.98499798045286,49,True,7,7,6,1,1,1,5,1,1,0,0
random_06,67,96.98499798045286,49,True,7,7,6,1,1,1,5,1,1,0,0
random_07,67,96.98499798045286,49,True,7,7,6,1,1,1,3,3,1,0,0
random_08,67,96.98499798045286,49,True,7,7,6,1,1,1,3,3,1,0,0
random_09,67,96.98499798045286,49,True,7,7,6,1,1,1,4,2,1,0,0
random_10,67,96.98499798045286,49,True,7,7,6,1,1,1,4,2,1,0,0
random_11,67,96.98499798045286,49,True,7,7,6,1,1,1,4,2,1,0,0
random_12,67,96.98499798045286,49,True,7,7,6,1,1,1,4,2,1,0,0
random_13,67,96.98499798045286,49,True,7,7,6,1,1,1,4,2,1,0,0
random_14,67,96.98499798045286,49,True,7,7,6,1,1,1,3,3,1,0,0
random_15,67,96.98499798045286,49,True,7,7,6,1,1,1,3,3,1,0,0
random_16,67,96.98499798045286,49,True,7,7,6,1,1,1,4,2,1,0,0
random_17,67,96.98499798045286,49,True,7,7,6,1,1,1,4,2,1,0,0
random_18,67,96.98499798045286,49,True,7,7,6,1,1,1,4,2,1,0,0
random_19,67,96.98499798045286,49,True,7,7,6,1,1,1,3,3,1,0,0
ascending,68,94.6561480636086,52,True,9,9,7,2,2,3,4,3,2,0,0
descending,68,94.32365903874756,53,True,11,11,9,2,2,3,7,2,2,0,0
random_00,68,96.80522732852222,54,True,11,11,10,1,1,1,4,6,1,0,0
random_01,68,94.36278261171434,52,True,10,10,8,2,2,3,5,3,2,0,0
random_02,68,94.36278261171434,52,True,11,11,9,2,2,3,7,2,2,0,0
random_03,68,94.32365903874756,53,True,11,11,9,2,2,3,7,2,2,0,0
random_04,68,94.36278261171434,52,True,10,10,8,2,2,3,6,2,2,0,0
random_05,68,94.32365903874756,53,True,11,11,9,2,2,3,7,2,2,0,0
random_06,68,96.80522732852222,54,True,10,10,9,1,1,1,4,5,1,0,0
random_07,68,94.36278261171434,52,True,11,11,9,2,2,3,6,3,2,0,0
random_08,68,94.32365903874756,53,True,10,10,8,2,2,3,6,2,2,0,0
random_09,68,94.6561480636086,52,True,9,9,7,2,2,3,4,3,2,0,0
random_10,68,94.36278261171434,52,True,10,10,8,2,2,3,5,3,2,0,0
random_11,68,94.32365903874756,53,True,10,10,8,2,2,3,6,2,2,0,0
random_12,68,94.36278261171434,52,True,11,11,9,2,2,3,5,4,2,0,0
random_13,68,94.6561480636086,52,True,10,10,8,2,2,3,5,3,2,0,0
random_14,68,93.29071093876394,52,True,10,10,8,2,2,4,5,3,2,0,0
random_15,68,96.80522732852222,54,True,11,11,10,1,1,1,3,7,1,0,0
random_16,68,94.36278261171434,52,True,10,10,8,2,2,3,5,3,2,0,0
random_17,68,96.80522732852222,54,True,11,11,10,1,1,1,4,6,1,0,0
random_18,68,94.36278261171434,52,True,10,10,8,2,2,3,5,3,2,0,0
random_19,68,94.36278261171434,52,True,10,10,8,2,2,3,4,4,2,0,0
ascending,69,95.76730007966266,52,True,12,12,11,1,1,2,7,4,1,0,0
descending,69,93.34834914970699,49,True,12,12,10,2,1,5,8,2,2,0,0
random_00,69,95.76730007966266,52,True,12,12,11,1,1,2,7,4,1,0,0
random_01,69,93.34834914970699,49,True,12,12,10,2,1,5,8,2,2,0,0
random_02,69,93.34834914970699,49,True,12,12,10,2,1,5,8,2,2,0,0
random_03,69,95.76730007966266,52,True,12,12,11,1,1,2,7,4,1,0,0
random_04,69,95.01695779992029,50,True,11,11,10,1,1,2,7,3,1,0,0
random_05,69,95.76730007966266,52,True,12,12,11,1,1,2,7,4,1,0,0
random_06,69,95.01695779992029,50,True,11,11,10,1,1,2,7,3,1,0,0
random_07,69,95.76730007966266,52,True,12,12,11,1,1,2,7,4,1,0,0
random_08,69,95.76730007966266,52,True,12,12,11,1,1,2,7,4,1,0,0
random_09,69,93.34834914970699,49,True,12,12,10,2,1,5,8,2,2,0,0
random_10,69,95.01695779992029,50,True,11,11,10,1,1,2,7,3,1,0,0
random_11,69,95.76730007966266,52,True,12,12,11,1,1,2,7,4,1,0,0
random_12,69,95.01695779992029,50,True,11,11,10,1,1,2,7,3,1,0,0
random_13,69,95.76730007966266,52,True,12,12,11,1,1,2,7,4,1,0,0
random_14,69,95.76730007966266,52,True,12,12,11,1,1,2,7,4,1,0,0
random_15,69,93.34834914970699,49,True,12,12,10,2,1,5,8,2,2,0,0
random_16,69,95.01695779992029,50,True,11,11,10,1,1,2,7,3,1,0,0
random_17,69,95.76730007966266,52,True,12,12,11,1,1,2,7,4,1,0,0
random_18,69,93.34834914970699,49,True,12,12,10,2,1,5,8,2,2,0,0
random_19,69,95.76730007966266,52,True,12,12,11,1,1,2,7,4,1,0,0
ascending,70,94.73136096994357,45,True,8,8,7,1,1,2,4,3,1,0,0
descending,70,96.79009102136882,46,True,9,9,8,1,1,2,4,4,1,0,0
random_00,70,94.02653226330115,44,True,8,8,7,1,1,3,6,1,1,0,0
random_01,70,94.73136096994357,45,True,8,8,6,2,1,3,4,2,2,0,0
random_02,70,94.02653226330115,44,True,8,8,7,1,1,3,5,2,1,0,0
random_03,70,94.02653226330115,44,True,8,8,7,1,1,3,6,1,1,0,0
random_04,70,94.02653226330115,44,True,8,8,7,1,1,3,6,1,1,0,0
random_05,70,96.79009102136882,46,True,9,9,8,1,1,2,3,5,1,0,0
random_06,70,97.49491972801125,47,True,9,9,8,1,1,1,3,5,1,0,0
random_07,70,94.73136096994357,45,True,8,8,6,2,1,3,4,2,2,0,0
random_08,70,97.49491972801125,47,True,9,9,8,1,1,1,2,6,1,0,0
random_09,70,96.79009102136882,46,True,9,9,8,1,1,2,4,4,1,0,0
random_10,70,94.33469032004506,46,True,10,10,9,1,1,2,7,2,1,0,0
random_11,70,94.73136096994357,45,True,8,8,6,2,1,3,4,2,2,0,0
random_12,70,94.73136096994357,45,True,8,8,7,1,1,2,5,2,1,0,0
random_13,70,97.49491972801125,47,True,9,9,8,1,1,1,3,5,1,0,0
random_14,70,94.73136096994357,45,True,8,8,6,2,1,3,4,2,2,0,0
random_15,70,94.73136096994357,45,True,8,8,7,1,1,2,4,3,1,0,0
random_16,70,94.33469032004506,46,True,10,10,9,1,1,2,7,2,1,0,0
random_17,70,94.73136096994357,45,True,8,8,6,2,1,3,4,2,2,0,0
random_18,70,94.73136096994357,45,True,8,8,7,1,1,2,5,2,1,0,0
random_19,70,94.73136096994357,45,True,8,8,7,1,1,2,4,3,1,0,0
ascending,71,91.7329597054626,48,True,10,10,7,3,3,4,4,3,3,0,0
descending,71,91.79669689668724,48,True,10,10,8,2,2,3,5,3,2,0,0
random_00,71,91.80172511442709,48,True,9,9,7,2,2,3,4,3,2,0,0
random_01,71,91.74518545884058,48,True,10,10,8,2,2,3,5,3,2,0,0
random_02,71,91.78447114330926,48,True,10,10,7,3,3,4,4,3,3,0,0
random_03,71,91.5302718511497,48,True,11,11,8,3,3,3,4,4,3,0,0
random_04,71,91.74518545884058,48,True,10,10,8,2,2,3,5,3,2,0,0
random_05,71,91.5302718511497,48,True,11,11,8,3,3,3,4,4,3,0,0
random_06,71,91.74518545884058,48,True,10,10,8,2,2,3,5,3,2,0,0
random_07,71,91.58681150673621,48,True,10,10,7,3,3,3,3,4,3,0,0
random_08,71,91.99938475100014,48,True,9,9,7,2,2,4,5,2,2,0,0
random_09,71,91.94787331315348,48,True,9,9,7,2,2,4,5,2,2,0,0
random_10,71,91.58178328899636,48,True,11,11,8,3,3,3,4,4,3,0,0
random_11,71,91.94787331315348,48,True,9,9,7,2,2,4,5,2,2,0,0
random_12,71,91.58681150673621,48,True,10,10,7,3,3,3,3,4,3,0,0
random_13,71,91.80172511442709,48,True,9,9,7,2,2,3,4,3,2,0,0
random_14,71,91.79669689668724,48,True,10,10,8,2,2,3,5,3,2,0,0
random_15,71,91.74518545884058,48,True,10,10,8,2,2,3,5,3,2,0,0
random_16,71,91.7329597054626,48,True,10,10,7,3,3,4,4,3,3,0,0
random_17,71,91.74518545884058,48,True,10,10,8,2,2,3,5,3,2,0,0
random_18,71,91.7329597054626,48,True,10,10,7,3,3,4,4,3,3,0,0
random_19,71,92.00441296873998,48,True,8,8,6,2,2,4,4,2,2,0,0
ascending,72,91.95896649624456,49,True,16,16,12,4,3,8,4,8,4,0,0
descending,72,88.71784048135899,47,True,14,14,10,4,4,8,5,5,4,0,0
random_00,72,91.3682698174156,48,True,15,15,12,3,3,5,7,5,3,0,0
random_01,72,89.45077988796193,48,True,14,14,10,4,3,9,3,7,4,0,0
random_02,72,90.57810637877256,48,True,15,15,11,4,3,9,5,6,4,0,0
random_03,72,89.67301093159526,47,True,15,15,12,3,3,6,5,7,3,0,0
random_04,72,90.40739957777683,47,True,14,14,10,4,4,7,6,4,4,0,0
random_05,72,94.52428713495694,50,True,15,15,13,2,2,3,8,5,2,0,0
random_06,72,93.71466145370444,51,True,15,15,12,3,2,7,4,8,3,0,0
random_07,72,91.31446768816957,48,True,15,15,11,4,4,7,7,4,4,0,0
random_08,72,92.19462617600293,49,True,16,16,12,4,3,8,6,6,4,0,0
random_09,72,85.45862438833626,45,True,14,14,9,5,4,11,5,4,5,0,0
random_10,72,91.31446768816957,48,True,15,15,11,4,4,7,5,6,4,0,0
random_11,72,91.31446768816957,48,True,16,16,12,4,4,7,5,7,4,0,0
random_12,72,89.41002008026535,47,True,14,14,11,3,3,7,5,6,3,0,0
random_13,72,94.52428713495694,50,True,15,15,13,2,2,3,7,6,2,0,0
random_14,72,91.95896649624456,49,True,15,15,11,4,3,8,3,8,4,0,0
random_15,72,91.31446768816957,48,True,16,16,12,4,4,7,6,6,4,0,0
random_16,72,91.60532661072449,48,True,15,15,11,4,4,7,5,6,4,0,0
random_17,72,86.68579194480544,45,True,14,14,10,4,4,9,5,5,4,0,0
random_18,72,89.59171014748844,48,True,16,16,12,4,3,9,5,7,4,0,0
random_19,72,92.2498254187995,49,True,16,16,12,4,3,8,4,8,4,0,0
ascending,73,96.58877793075246,49,True,10,10,8,2,1,3,4,4,2,0,0
descending,73,94.34066647763642,48,True,9,9,8,1,1,3,4,4,1,0,0
random_00,73,90.80914753874198,47,True,10,10,8,2,2,4,6,2,2,0,0
random_01,73,96.58877793075246,49,True,10,10,9,1,1,2,4,5,1,0,0
random_02,73,90.80914753874198,47,True,9,9,7,2,2,4,3,4,2,0,0
random_03,73,94.34066647763642,48,True,10,10,9,1,1,3,5,4,1,0,0
random_04,73,96.58877793075246,49,True,10,10,8,2,1,3,3,5,2,0,0
random_05,73,91.32000073611103,46,True,9,9,7,2,2,4,4,3,2,0,0
random_06,73,94.34066647763642,48,True,10,10,9,1,1,3,4,5,1,0,0
random_07,73,94.34066647763642,48,True,10,10,9,1,1,3,4,5,1,0,0
random_08,73,90.80914753874198,47,True,10,10,8,2,2,4,3,5,2,0,0
random_09,73,90.80914753874198,47,True,10,10,8,2,2,4,5,3,2,0,0
random_10,73,92.07611047103352,47,True,10,10,8,2,2,4,4,4,2,0,0
random_11,73,96.58877793075246,49,True,10,10,9,1,1,2,5,4,1,0,0
random_12,73,96.58877793075246,49,True,10,10,8,2,1,3,5,3,2,0,0
random_13,73,90.80914753874198,47,True,9,9,7,2,2,4,2,5,2,0,0
random_14,73,90.80914753874198,47,True,10,10,8,2,2,4,6,2,2,0,0
random_15,73,94.34066647763642,48,True,10,10,9,1,1,3,4,5,1,0,0
random_16,73,92.07611047103352,47,True,10,10,8,2,2,4,4,4,2,0,0
random_17,73,94.34066647763642,48,True,9,9,8,1,1,3,3,5,1,0,0
random_18,73,90.80914753874198,47,True,10,10,8,2,2,4,3,5,2,0,0
random_19,73,90.80914753874198,47,True,9,9,7,2,2,4,4,3,2,0,0
ascending,74,96.17567382372441,46,True,11,11,10,1,1,2,2,8,1,0,0
descending,74,96.77466564270703,48,True,8,8,6,2,2,3,3,3,2,0,0
random_00,74,96.17567382372441,46,True,11,11,10,1,1,2,3,7,1,0,0
random_01,74,98.57172909146001,48,True,10,10,9,1,1,1,4,5,1,0,0
random_02,74,98.57172909146001,48,True,10,10,9,1,1,1,3,6,1,0,0
random_03,74,96.17567382372441,46,True,11,11,10,1,1,2,2,8,1,0,0
random_04,74,96.17567382372441,46,True,11,11,10,1,1,2,3,7,1,0,0
random_05,74,94.4537552174612,47,True,9,9,7,2,2,4,4,3,2,0,0
random_06,74,96.77466564270703,48,True,8,8,6,2,2,3,2,4,2,0,0
random_07,74,96.17567382372441,46,True,11,11,10,1,1,2,3,7,1,0,0
random_08,74,96.17567382372441,46,True,11,11,10,1,1,2,3,7,1,0,0
random_09,74,96.17567382372441,46,True,11,11,10,1,1,2,3,7,1,0,0
random_10,74,98.57172909146001,48,True,10,10,9,1,1,1,3,6,1,0,0
random_11,74,96.84981048519683,49,True,8,8,6,2,2,3,3,3,2,0,0
random_12,74,95.00592431802056,47,True,11,11,10,1,1,2,3,7,1,0,0
random_13,74,96.84981048519683,49,True,8,8,6,2,2,3,3,3,2,0,0
random_14,74,98.57172909146001,48,True,10,10,9,1,1,1,5,4,1,0,0
random_15,74,96.17567382372441,46,True,11,11,10,1,1,2,4,6,1,0,0
random_16,74,98.57172909146001,48,True,10,10,9,1,1,1,4,5,1,0,0
random_17,74,94.37861037497139,46,True,9,9,7,2,2,4,1,6,2,0,0
random_18,74,98.57172909146001,48,True,10,10,9,1,1,1,4,5,1,0,0
random_19,74,96.17567382372441,46,True,11,11,10,1,1,2,3,7,1,0,0
ascending,75,99.80590137887188,49,True,13,13,13,0,0,0,6,7,0,0,0
descending,75,96.73104488808376,46,True,14,14,13,1,1,2,5,8,1,0,0
random_00,75,99.42387847424857,49,True,13,13,13,0,0,0,6,7,0,0,0
random_01,75,99.80590137887188,49,True,13,13,13,0,0,0,7,6,0,0,0
random_02,75,99.80590137887188,49,True,13,13,13,0,0,0,6,7,0,0,0
random_03,75,96.73104488808376,46,True,14,14,13,1,1,2,7,6,1,0,0
random_04,75,99.80590137887188,49,True,13,13,13,0,0,0,7,6,0,0,0
random_05,75,99.80590137887188,49,True,13,13,13,0,0,0,8,5,0,0,0
random_06,75,99.80590137887188,49,True,13,13,13,0,0,0,6,7,0,0,0
random_07,75,96.73104488808376,46,True,14,14,13,1,1,2,6,7,1,0,0
random_08,75,96.73104488808376,46,True,14,14,13,1,1,2,7,6,1,0,0
random_09,75,96.73104488808376,46,True,14,14,13,1,1,2,8,5,1,0,0
random_10,75,99.80590137887188,49,True,13,13,13,0,0,0,6,7,0,0,0
random_11,75,99.80590137887188,49,True,13,13,13,0,0,0,7,6,0,0,0
random_12,75,99.80590137887188,49,True,13,13,13,0,0,0,6,7,0,0,0
random_13,75,96.73104488808376,46,True,14,14,13,1,1,2,6,7,1,0,0
random_14,75,99.80590137887188,49,True,13,13,13,0,0,0,7,6,0,0,0
random_15,75,99.80590137887188,49,True,13,13,13,0,0,0,8,5,0,0,0
random_16,75,96.73104488808376,46,True,14,14,13,1,1,2,6,7,1,0,0
random_17,75,96.73104488808376,46,True,14,14,13,1,1,2,6,7,1,0,0
random_18,75,99.80590137887188,49,True,13,13,13,0,0,0,6,7,0,0,0
random_19,75,99.80590137887188,49,True,13,13,13,0,0,0,7,6,0,0,0
ascending,76,94.1011043634282,49,True,14,14,12,2,1,5,7,5,2,0,0
descending,76,94.1956156625584,51,True,13,13,12,1,1,2,4,8,1,0,0
random_00,76,90.04948343826005,47,True,13,13,11,2,2,5,7,4,2,0,0
random_01,76,90.72414195101214,47,True,14,14,12,2,2,5,8,4,2,0,0
random_02,76,94.1956156625584,51,True,13,13,12,1,1,2,6,6,1,0,0
random_03,76,95.22168596817745,50,True,14,14,12,2,1,3,6,6,2,0,0
random_04,76,93.701883440245,49,True,14,14,12,2,1,5,5,7,2,0,0
random_05,76,95.22168596817745,50,True,14,14,13,1,1,2,4,9,1,0,0
random_06,76,94.87027417531048,51,True,14,14,13,1,1,2,7,6,1,0,0
random_07,76,90.04948343826005,47,True,13,13,11,2,2,5,7,4,2,0,0
random_08,76,93.93776069658891,49,True,14,14,12,2,1,5,7,5,2,0,0
random_09,76,90.72414195101214,47,True,14,14,12,2,2,5,8,4,2,0,0
random_10,76,93.701883440245,49,True,14,14,13,1,1,3,7,6,1,0,0
random_11,76,93.701883440245,49,True,14,14,13,1,1,3,6,7,1,0,0
random_12,76,95.38502963501676,50,True,14,14,12,2,1,3,7,5,2,0,0
random_13,76,95.38502963501676,50,True,14,14,13,1,1,2,6,7,1,0,0
random_14,76,90.04948343826005,47,True,13,13,11,2,2,5,7,4,2,0,0
random_15,76,92.25461450181716,48,True,14,14,12,2,1,7,9,3,2,0,0
random_16,76,93.701883440245,49,True,14,14,13,1,1,3,8,5,1,0,0
random_17,76,91.7326296330318,48,True,13,13,11,2,2,4,6,5,2,0,0
random_18,76,93.701883440245,49,True,14,14,12,2,1,5,7,5,2,0,0
random_19,76,94.87027417531048,51,True,14,14,13,1,1,2,6,7,1,0,0
ascending,77,99.79347194000937,47,True,9,9,9,0,0,0,4,5,0,0,0
descending,77,97.92367534197334,46,True,10,10,9,1,1,2,3,6,1,0,0
random_00,77,99.79347194000937,47,True,9,9,9,0,0,0,3,6,0,0,0
random_01,77,98.52854501246725,48,True,10,10,9,1,1,1,3,6,1,0,0
random_02,77,99.79347194000937,47,True,10,10,10,0,0,0,3,7,0,0,0
random_03,77,98.50418628334536,47,True,10,10,9,1,1,1,3,6,1,0,0
random_04,77,99.79347194000937,47,True,9,9,9,0,0,0,2,7,0,0,0
random_05,77,97.92367534197334,46,True,10,10,9,1,1,2,3,6,1,0,0
random_06,77,97.94803407109521,47,True,10,10,9,1,1,2,3,6,1,0,0
random_07,77,99.79347194000937,47,True,9,9,9,0,0,0,3,6,0,0,0
random_08,77,99.79347194000937,47,True,10,10,10,0,0,0,3,7,0,0,0
random_09,77,97.94803407109521,47,True,10,10,9,1,1,2,4,5,1,0,0
random_10,77,99.79347194000937,47,True,10,10,10,0,0,0,3,7,0,0,0
random_11,77,99.79347194000937,47,True,9,9,9,0,0,0,3,6,0,0,0
random_12,77,97.92367534197334,46,True,10,10,9,1,1,2,3,6,1,0,0
random_13,77,97.92367534197334,46,True,10,10,9,1,1,2,3,6,1,0,0
random_14,77,99.79347194000937,47,True,9,9,9,0,0,0,2,7,0,0,0
random_15,77,99.79347194000937,47,True,9,9,9,0,0,0,3,6,0,0,0
random_16,77,99.79347194000937,47,True,10,10,10,0,0,0,4,6,0,0,0
random_17,77,97.92367534197334,46,True,10,10,9,1,1,2,3,6,1,0,0
random_18,77,99.79347194000937,47,True,10,10,10,0,0,0,2,8,0,0,0
random_19,77,97.92367534197334,46,True,10,10,9,1,1,2,3,6,1,0,0
ascending,78,96.23344432027031,50,True,11,11,10,1,1,2,3,7,1,0,0
descending,78,93.25847899643699,50,True,11,11,9,2,1,7,4,5,2,0,0
random_00,78,94.6570793296695,50,True,11,11,10,1,1,3,5,5,1,0,0
random_01,78,92.37254753310775,49,True,10,10,8,2,2,5,3,5,2,0,0
random_02,78,94.91049374972424,51,True,11,11,10,1,1,3,4,6,1,0,0
random_03,78,93.84128741160126,49,True,10,10,9,1,1,3,2,7,1,0,0
random_04,78,96.5559745879815,52,True,11,11,10,1,1,2,3,7,1,0,0
random_05,78,93.82102540091205,51,True,11,11,9,2,1,5,4,5,2,0,0
random_06,78,96.43466870038651,51,True,11,11,10,1,1,2,5,5,1,0,0
random_07,78,93.25847899643699,50,True,11,11,9,2,1,7,5,4,2,0,0
random_08,78,90.06943665986084,49,True,11,11,9,2,2,6,5,4,2,0,0
random_09,78,94.6570793296695,50,True,11,11,10,1,1,3,4,6,1,0,0
random_10,78,93.64330806371528,48,True,10,10,8,2,2,4,3,5,2,0,0
random_11,78,91.59361161052311,49,True,11,11,9,2,2,5,4,5,2,0,0
random_12,78,93.71159196170059,50,True,11,11,10,1,1,3,3,7,1,0,0
random_13,78,94.78265394709928,50,True,11,11,9,2,1,5,3,6,2,0,0
random_14,78,94.91049374972424,51,True,11,11,10,1,1,3,4,6,1,0,0
random_15,78,94.6570793296695,50,True,11,11,10,1,1,3,6,4,1,0,0
random_16,78,90.06943665986084,49,True,11,11,9,2,2,6,4,5,2,0,0
random_17,78,95.03179963731922,52,True,11,11,10,1,1,3,5,5,1,0,0
random_18,78,95.34520035157433,51,True,11,11,10,1,1,2,4,6,1,0,0
random_19,78,93.15383542290559,50,True,11,11,9,2,2,4,4,5,2,0,0
ascending,79,98.86789466924184,55,True,10,10,9,1,1,1,4,5,1,0,0
descending,79,99.89579095127158,55,True,9,9,9,0,0,0,4,5,0,0,0
random_00,79,98.86789466924184,55,True,10,10,9,1,1,1,3,6,1,0,0
random_01,79,98.86789466924184,55,True,10,10,9,1,1,1,5,4,1,0,0
random_02,79,98.86789466924184,55,True,10,10,9,1,1,1,4,5,1,0,0
random_03,79,99.89579095127158,55,True,9,9,9,0,0,0,5,4,0,0,0
random_04,79,99.89579095127158,55,True,9,9,9,0,0,0,4,5,0,0,0
random_05,79,99.89579095127158,55,True,9,9,9,0,0,0,4,5,0,0,0
random_06,79,99.89579095127158,55,True,9,9,9,0,0,0,5,4,0,0,0
random_07,79,99.89579095127158,55,True,9,9,9,0,0,0,4,5,0,0,0
random_08,79,99.89579095127158,55,True,9,9,9,0,0,0,4,5,0,0,0
random_09,79,99.89579095127158,55,True,9,9,9,0,0,0,4,5,0,0,0
random_10,79,99.89579095127158,55,True,9,9,9,0,0,0,3,6,0,0,0
random_11,79,98.86789466924184,55,True,10,10,9,1,1,1,5,4,1,0,0
random_12,79,98.86789466924184,55,True,10,10,9,1,1,1,5,4,1,0,0
random_13,79,99.89579095127158,55,True,9,9,9,0,0,0,4,5,0,0,0
random_14,79,99.89579095127158,55,True,9,9,9,0,0,0,3,6,0,0,0
random_15,79,99.89579095127158,55,True,9,9,9,0,0,0,5,4,0,0,0
random_16,79,99.89579095127158,55,True,9,9,9,0,0,0,4,5,0,0,0
random_17,79,98.86789466924184,55,True,10,10,9,1,1,1,3,6,1,0,0
random_18,79,99.89579095127158,55,True,9,9,9,0,0,0,3,6,0,0,0
random_19,79,99.89579095127158,55,True,9,9,9,0,0,0,4,5,0,0,0
ascending,80,97.13816951093213,50,True,7,7,5,2,2,2,2,3,2,0,0
descending,80,97.16084537999579,50,True,7,7,6,1,1,2,1,5,1,0,0
random_00,80,97.13816951093213,50,True,7,7,5,2,2,2,2,3,2,0,0
random_01,80,97.13816951093213,50,True,7,7,5,2,2,2,2,3,2,0,0
random_02,80,97.13816951093213,50,True,7,7,5,2,2,2,2,3,2,0,0
random_03,80,96.48814116707585,49,True,7,7,5,2,2,3,3,2,2,0,0
random_04,80,96.48814116707585,49,True,7,7,5,2,2,3,3,2,2,0,0
random_05,80,96.4748782030783,49,True,7,7,5,2,2,3,2,3,2,0,0
random_06,80,97.12490654693455,50,True,7,7,5,2,2,2,1,4,2,0,0
random_07,80,96.48814116707585,49,True,7,7,5,2,2,3,3,2,2,0,0
random_08,80,97.16084537999579,50,True,7,7,6,1,1,2,1,5,1,0,0
random_09,80,97.13816951093213,50,True,7,7,5,2,2,2,2,3,2,0,0
random_10,80,96.4748782030783,49,True,7,7,5,2,2,3,2,3,2,0,0
random_11,80,96.48814116707585,49,True,7,7,5,2,2,3,3,2,2,0,0
random_12,80,96.48814116707585,49,True,7,7,5,2,2,3,3,2,2,0,0
random_13,80,97.12490654693455,50,True,7,7,5,2,2,2,1,4,2,0,0
random_14,80,97.13816951093213,50,True,7,7,5,2,2,2,2,3,2,0,0
random_15,80,96.48814116707585,49,True,7,7,5,2,2,3,3,2,2,0,0
random_16,80,97.17410834399337,50,True,7,7,6,1,1,2,2,4,1,0,0
random_17,80,96.48814116707585,49,True,7,7,5,2,2,3,3,2,2,0,0
random_18,80,97.13816951093213,50,True,7,7,5,2,2,2,2,3,2,0,0
random_19,80,97.17410834399337,50,True,7,7,6,1,1,2,2,4,1,0,0
ascending,81,98.74966761386116,48,True,10,10,10,0,0,0,4,6,0,0,0
descending,81,97.697811590059,47,True,9,9,8,1,1,2,4,4,1,0,0
random_00,81,96.520618606868,46,True,9,9,8,1,1,2,4,4,1,0,0
random_01,81,97.17372122696787,47,True,10,10,9,1,1,2,5,4,1,0,0
random_02,81,97.697811590059,47,True,9,9,8,1,1,2,4,4,1,0,0
random_03,81,99.92686059705218,49,True,10,10,10,0,0,0,5,5,0,0,0
random_04,81,99.92686059705218,49,True,10,10,10,0,0,0,5,5,0,0,0
random_05,81,99.92686059705218,49,True,10,10,10,0,0,0,4,6,0,0,0
random_06,81,97.697811590059,47,True,9,9,8,1,1,2,5,3,1,0,0
random_07,81,97.697811590059,47,True,9,9,8,1,1,2,4,4,1,0,0
random_08,81,97.17372122696787,47,True,10,10,9,1,1,2,4,5,1,0,0
random_09,81,97.17372122696787,47,True,10,10,9,1,1,2,4,5,1,0,0
random_10,81,98.74966761386116,48,True,10,10,10,0,0,0,4,6,0,0,0
random_11,81,99.92686059705218,49,True,10,10,10,0,0,0,5,5,0,0,0
random_12,81,97.17372122696787,47,True,10,10,9,1,1,2,5,4,1,0,0
random_13,81,97.17372122696787,47,True,10,10,9,1,1,2,5,4,1,0,0
random_14,81,99.92686059705218,49,True,10,10,10,0,0,0,5,5,0,0,0
random_15,81,99.92686059705218,49,True,10,10,10,0,0,0,5,5,0,0,0
random_16,81,98.74966761386116,48,True,10,10,10,0,0,0,4,6,0,0,0
random_17,81,97.17372122696787,47,True,10,10,9,1,1,2,5,4,1,0,0
random_18,81,96.520618606868,46,True,9,9,8,1,1,2,3,5,1,0,0
random_19,81,99.92686059705218,49,True,10,10,10,0,0,0,4,6,0,0,0
ascending,82,95.75554867510326,49,True,10,10,8,2,2,2,4,4,2,0,0
descending,82,90.90863671729078,46,True,9,9,7,2,2,5,4,3,2,0,0
random_00,82,91.33092678971128,47,True,9,9,7,2,2,4,2,5,2,0,0
random_01,82,95.75554867510326,49,True,10,10,8,2,2,2,2,6,2,0,0
random_02,82,90.90675336840106,46,True,10,10,8,2,2,5,5,3,2,0,0
random_03,82,95.33325860268276,48,True,10,10,8,2,2,3,4,4,2,0,0
random_04,82,90.90863671729078,46,True,9,9,7,2,2,5,4,3,2,0,0
random_05,82,95.75554867510326,49,True,10,10,8,2,2,2,4,4,2,0,0
random_06,82,95.75554867510326,49,True,10,10,8,2,2,2,4,4,2,0,0
random_07,82,95.33514195157248,48,True,9,9,7,2,2,3,4,3,2,0,0
random_08,82,90.90863671729078,46,True,9,9,6,3,2,7,4,2,3,0,0
random_09,82,90.90863671729078,46,True,9,9,7,2,2,5,4,3,2,0,0
random_10,82,91.32904344082156,47,True,10,10,8,2,2,4,4,4,2,0,0
random_11,82,91.32904344082156,47,True,10,10,8,2,2,4,4,4,2,0,0
random_12,82,95.75743202399299,49,True,9,9,7,2,2,2,3,4,2,0,0
random_13,82,91.33092678971128,47,True,9,9,7,2,2,4,2,5,2,0,0
random_14,82,91.32904344082156,47,True,10,10,8,2,2,4,3,5,2,0,0
random_15,82,95.33514195157248,48,True,9,9,7,2,2,3,4,3,2,0,0
random_16,82,95.75743202399299,49,True,9,9,7,2,2,2,1,6,2,0,0
random_17,82,95.33514195157248,48,True,9,9,7,2,2,3,3,4,2,0,0
random_18,82,90.90863671729078,46,True,9,9,7,2,2,5,4,3,2,0,0
random_19,82,95.75554867510326,49,True,10,10,8,2,2,2,2,6,2,0,0
ascending,83,98.11832082984743,51,True,9,9,8,1,1,1,4,4,1,0,0
descending,83,95.92225811350632,50,True,10,10,9,1,1,2,3,6,1,0,0
random_00,83,98.0132824471262,51,True,10,10,9,1,1,1,4,5,1,0,0
random_01,83,96.02729649622758,50,True,9,9,8,1,1,2,2,6,1,0,0
random_02,83,98.11832082984743,51,True,9,9,8,1,1,1,3,5,1,0,0
random_03,83,98.0132824471262,51,True,10,10,9,1,1,1,4,5,1,0,0
random_04,83,98.11832082984743,51,True,9,9,8,1,1,1,4,4,1,0,0
random_05,83,98.0132824471262,51,True,10,10,9,1,1,1,5,4,1,0,0
random_06,83,95.92225811350632,50,True,10,10,9,1,1,2,4,5,1,0,0
random_07,83,98.0132824471262,51,True,10,10,9,1,1,1,5,4,1,0,0
random_08,83,98.11832082984743,51,True,9,9,8,1,1,1,4,4,1,0,0
random_09,83,98.11832082984743,51,True,9,9,8,1,1,1,4,4,1,0,0
random_10,83,98.0132824471262,51,True,10,10,9,1,1,1,4,5,1,0,0
random_11,83,98.0132824471262,51,True,10,10,9,1,1,1,5,4,1,0,0
random_12,83,96.02729649622758,50,True,9,9,8,1,1,2,2,6,1,0,0
random_13,83,96.02729649622758,50,True,9,9,8,1,1,2,3,5,1,0,0
random_14,83,98.11832082984743,51,True,9,9,8,1,1,1,4,4,1,0,0
random_15,83,98.11832082984743,51,True,9,9,8,1,1,1,4,4,1,0,0
random_16,83,98.11832082984743,51,True,9,9,8,1,1,1,4,4,1,0,0
random_17,83,96.02729649622758,50,True,9,9,8,1,1,2,4,4,1,0,0
random_18,83,95.92225811350632,50,True,10,10,9,1,1,2,4,5,1,0,0
random_19,83,96.02729649622758,50,True,9,9,8,1,1,2,4,4,1,0,0
ascending,84,93.03102971809246,52,True,9,9,7,2,2,5,3,4,2,0,0
descending,84,92.51305782061118,49,True,11,11,7,4,3,7,3,4,4,0,0
random_00,84,91.98719125989172,51,True,10,10,7,3,3,6,4,3,3,0,0
random_01,84,96.18765720848026,52,True,9,9,8,1,1,3,4,4,1,0,0
random_02,84,95.14381875027954,51,True,10,10,7,3,2,5,3,4,3,0,0
random_03,84,93.30163479532092,50,True,10,10,7,3,2,7,5,2,3,0,0
random_04,84,93.30163479532092,50,True,10,10,8,2,2,5,4,4,2,0,0
random_05,84,96.18765720848026,52,True,9,9,8,1,1,3,3,5,1,0,0
random_06,84,96.18765720848026,52,True,9,9,6,3,1,6,3,3,3,0,0
random_07,84,93.30163479532092,50,True,10,10,8,2,2,5,4,4,2,0,0
random_08,84,92.25779633712021,49,True,11,11,8,3,3,6,3,5,3,0,0
random_09,84,95.14381875027954,51,True,11,11,8,3,2,5,2,6,3,0,0
random_10,84,93.30163479532092,50,True,10,10,6,4,2,8,3,3,4,0,0
random_11,84,93.30163479532092,50,True,10,10,7,3,2,7,4,3,3,0,0
random_12,84,95.14381875027954,51,True,10,10,8,2,2,4,3,5,2,0,0
random_13,84,95.14381875027954,51,True,10,10,8,2,2,4,3,5,2,0,0
random_14,84,93.03102971809246,52,True,10,10,6,4,2,8,3,3,4,0,0
random_15,84,96.18765720848026,52,True,10,10,9,1,1,3,3,6,1,0,0
random_16,84,96.18765720848026,52,True,9,9,6,3,1,6,3,3,3,0,0
random_17,84,95.14381875027954,51,True,11,11,8,3,2,5,2,6,3,0,0
random_18,84,96.18765720848026,52,True,10,10,9,1,1,3,3,6,1,0,0
random_19,84,93.30163479532092,50,True,10,10,7,3,2,7,4,3,3,0,0
ascending,85,95.44442500137501,50,True,14,14,12,2,1,5,6,6,2,0,0
descending,85,96.34594875377755,51,True,13,13,11,2,1,3,3,8,2,0,0
random_00,85,96.4216870145875,50,True,13,13,12,1,1,2,4,8,1,0,0
random_01,85,95.45550051294632,49,True,12,12,10,2,1,5,4,6,2,0,0
random_02,85,95.37976225213636,50,True,13,13,10,3,1,6,5,5,3,0,0
random_03,85,91.64535141533739,48,True,12,12,9,3,2,6,4,5,3,0,0
random_04,85,95.99141302139003,51,True,13,13,12,1,1,2,5,7,1,0,0
random_05,85,92.38184846791992,49,True,14,14,11,3,2,5,6,5,3,0,0
random_06,85,96.41061150301617,51,True,14,14,13,1,1,2,6,7,1,0,0
random_07,85,91.41566196627876,48,True,13,13,9,4,2,8,6,3,4,0,0
random_08,85,96.34594875377755,51,True,13,13,11,2,1,3,5,6,2,0,0
random_09,85,95.99141302139003,51,True,13,13,11,2,1,3,6,5,2,0,0
random_10,85,91.64535141533739,48,True,13,13,11,2,2,5,7,4,2,0,0
random_11,85,96.41061150301617,51,True,14,14,12,2,1,3,4,8,2,0,0
random_12,85,96.41061150301617,51,True,15,15,13,2,1,3,5,8,2,0,0
random_13,85,96.34594875377755,51,True,14,14,12,2,1,3,4,8,2,0,0
random_14,85,91.41566196627876,48,True,13,13,10,3,2,7,7,3,3,0,0
random_15,85,95.99141302139003,51,True,13,13,12,1,1,2,5,7,1,0,0
random_16,85,91.41566196627876,48,True,13,13,9,4,2,8,6,3,4,0,0
random_17,85,95.45550051294632,49,True,12,12,9,3,1,6,4,5,3,0,0
random_18,85,95.02522651974887,50,True,13,13,10,3,1,6,5,5,3,0,0
random_19,85,95.37976225213636,50,True,13,13,11,2,1,5,5,6,2,0,0
ascending,86,95.93053327997926,50,True,13,13,12,1,1,1,3,9,1,0,0
descending,86,92.93904046222272,48,True,11,11,9,2,2,3,6,3,2,0,0
random_00,86,95.69568965029178,49,True,12,12,11,1,1,2,5,6,1,0,0
random_01,86,95.80978566100262,50,True,13,13,12,1,1,2,4,8,1,0,0
random_02,86,95.80978566100262,50,True,13,13,12,1,1,2,4,8,1,0,0
random_03,86,95.93053327997926,50,True,13,13,12,1,1,1,3,9,1,0,0
random_04,86,92.93904046222272,48,True,11,11,9,2,2,3,6,3,2,0,0
random_05,86,95.80978566100262,50,True,13,13,12,1,1,2,5,7,1,0,0
random_06,86,96.57265806870994,50,True,12,12,11,1,1,1,5,6,1,0,0
random_07,86,96.57265806870994,50,True,12,12,11,1,1,1,6,5,1,0,0
random_08,86,91.07695542631816,48,True,12,12,10,2,2,3,6,4,2,0,0
random_09,86,95.80978566100262,50,True,13,13,12,1,1,2,4,8,1,0,0
random_10,86,91.07695542631816,48,True,12,12,10,2,2,3,6,4,2,0,0
random_11,86,96.57265806870994,50,True,12,12,11,1,1,1,6,5,1,0,0
random_12,86,92.93904046222272,48,True,11,11,9,2,2,3,6,3,2,0,0
random_13,86,96.57265806870994,50,True,12,12,11,1,1,1,6,5,1,0,0
random_14,86,95.80978566100262,50,True,13,13,12,1,1,2,6,6,1,0,0
random_15,86,91.07695542631816,48,True,12,12,10,2,2,3,6,4,2,0,0
random_16,86,96.57265806870994,50,True,12,12,11,1,1,1,6,5,1,0,0
random_17,86,95.80978566100262,50,True,13,13,12,1,1,2,4,8,1,0,0
random_18,86,91.07695542631816,48,True,12,12,10,2,2,3,6,4,2,0,0
random_19,86,95.81643726926839,49,True,12,12,11,1,1,1,4,7,1,0,0
ascending,87,92.14017859220762,50,True,11,11,8,3,3,5,1,7,3,0,0
descending,87,90.85301706361318,49,True,12,12,9,3,3,6,4,5,3,0,0
random_00,87,90.89505544454376,49,True,11,11,8,3,3,6,2,6,3,0,0
random_01,87,90.85301706361318,49,True,12,12,9,3,3,6,3,6,3,0,0
random_02,87,92.09814021127706,50,True,12,12,9,3,3,5,3,6,3,0,0
random_03,87,91.36271571401436,49,True,12,12,8,4,3,8,2,6,4,0,0
random_04,87,94.9840110129489,52,True,11,11,9,2,2,3,4,5,2,0,0
random_05,87,91.36271571401436,49,True,12,12,8,4,3,8,3,5,4,0,0
random_06,87,92.14017859220762,50,True,11,11,8,3,3,5,2,6,3,0,0
random_07,87,90.1175925663505,48,True,12,12,8,4,3,9,4,4,4,0,0
random_08,87,92.14017859220762,50,True,11,11,8,3,3,5,3,5,3,0,0
random_09,87,92.09814021127706,50,True,12,12,9,3,3,5,1,8,3,0,0
random_10,87,90.89505544454376,49,True,11,11,8,3,3,6,3,5,3,0,0
random_11,87,93.73888786528502,51,True,11,11,9,2,2,4,3,6,2,0,0
random_12,87,92.14017859220762,50,True,11,11,8,3,3,5,1,7,3,0,0
random_13,87,92.14017859220762,50,True,11,11,8,3,3,5,2,6,3,0,0
random_14,87,91.36271571401436,49,True,12,12,9,3,3,6,3,6,3,0,0
random_15,87,90.89505544454376,49,True,11,11,8,3,3,6,3,5,3,0,0
random_16,87,90.89505544454376,49,True,11,11,8,3,3,6,2,6,3,0,0
random_17,87,90.1175925663505,48,True,12,12,8,4,3,9,4,4,4,0,0
random_18,87,90.1175925663505,48,True,12,12,9,3,3,7,4,5,3,0,0
random_19,87,92.14017859220762,50,True,11,11,8,3,3,5,3,5,3,0,0
ascending,88,97.27540347551917,47,True,10,10,9,1,1,1,4,5,1,0,0
descending,88,97.1544114618014,47,True,11,11,10,1,1,1,3,7,1,0,0
random_00,88,97.1544114618014,47,True,11,11,10,1,1,1,4,6,1,0,0
random_01,88,97.27540347551917,47,True,10,10,9,1,1,1,4,5,1,0,0
random_02,88,97.1544114618014,47,True,11,11,10,1,1,1,5,5,1,0,0
random_03,88,97.1544114618014,47,True,11,11,10,1,1,1,5,5,1,0,0
random_04,88,97.1544114618014,47,True,11,11,10,1,1,1,5,5,1,0,0
random_05,88,97.1544114618014,47,True,11,11,10,1,1,1,4,6,1,0,0
random_06,88,97.1544114618014,47,True,11,11,10,1,1,1,4,6,1,0,0
random_07,88,97.27540347551917,47,True,10,10,9,1,1,1,3,6,1,0,0
random_08,88,97.1544114618014,47,True,11,11,10,1,1,1,4,6,1,0,0
random_09,88,97.1544114618014,47,True,11,11,10,1,1,1,5,5,1,0,0
random_10,88,97.1544114618014,47,True,11,11,10,1,1,1,3,7,1,0,0
random_11,88,97.27540347551917,47,True,10,10,9,1,1,1,3,6,1,0,0
random_12,88,97.1544114618014,47,True,11,11,10,1,1,1,5,5,1,0,0
random_13,88,97.1544114618014,47,True,11,11,10,1,1,1,5,5,1,0,0
random_14,88,97.1544114618014,47,True,11,11,10,1,1,1,3,7,1,0,0
random_15,88,97.1544114618014,47,True,11,11,10,1,1,1,5,5,1,0,0
random_16,88,97.1544114618014,47,True,11,11,10,1,1,1,5,5,1,0,0
random_17,88,97.27540347551917,47,True,10,10,9,1,1,1,3,6,1,0,0
random_18,88,97.27540347551917,47,True,10,10,9,1,1,1,5,4,1,0,0
random_19,88,97.27540347551917,47,True,10,10,9,1,1,1,3,6,1,0,0
ascending,89,92.70573309405644,53,True,11,11,9,2,2,4,6,3,2,0,0
descending,89,94.20280682841131,54,True,10,10,8,2,1,5,4,4,2,0,0
random_00,89,92.70573309405644,53,True,11,11,9,2,2,4,6,3,2,0,0
random_01,89,94.20280682841131,54,True,10,10,8,2,1,5,5,3,2,0,0
random_02,89,94.20280682841131,54,True,10,10,8,2,1,5,5,3,2,0,0
random_03,89,92.8494544920123,53,True,10,10,8,2,2,4,5,3,2,0,0
random_04,89,94.05908543045547,54,True,11,11,9,2,1,5,6,3,2,0,0
random_05,89,92.70573309405644,53,True,11,11,8,3,2,5,5,3,3,0,0
random_06,89,92.8494544920123,53,True,10,10,8,2,2,4,5,3,2,0,0
random_07,89,92.8494544920123,53,True,10,10,8,2,2,4,5,3,2,0,0
random_08,89,94.05908543045547,54,True,11,11,9,2,1,5,5,4,2,0,0
random_09,89,94.20280682841131,54,True,10,10,8,2,1,5,5,3,2,0,0
random_10,89,94.05908543045547,54,True,11,11,9,2,1,5,5,4,2,0,0
random_11,89,92.8494544920123,53,True,10,10,8,2,2,4,4,4,2,0,0
random_12,89,92.8494544920123,53,True,10,10,8,2,2,4,4,4,2,0,0
random_13,89,94.20280682841131,54,True,10,10,8,2,1,5,5,3,2,0,0
random_14,89,92.70573309405644,53,True,11,11,9,2,2,4,6,3,2,0,0
random_15,89,92.70573309405644,53,True,11,11,8,3,2,5,5,3,3,0,0
random_16,89,92.8494544920123,53,True,10,10,8,2,2,4,5,3,2,0,0
random_17,89,92.70573309405644,53,True,11,11,9,2,2,4,5,4,2,0,0
random_18,89,94.20280682841131,54,True,10,10,8,2,1,5,5,3,2,0,0
random_19,89,92.8494544920123,53,True,10,10,8,2,2,4,5,3,2,0,0
ascending,90,95.40294444999056,52,True,11,11,10,1,1,2,6,4,1,0,0
descending,90,100.00000000000001,56,True,10,10,10,0,0,0,4,6,0,0,0
random_00,90,100.00000000000001,56,True,10,10,10,0,0,0,4,6,0,0,0
random_01,90,100.00000000000001,56,True,10,10,10,0,0,0,4,6,0,0,0
random_02,90,100.00000000000001,56,True,10,10,10,0,0,0,4,6,0,0,0
random_03,90,100.00000000000001,56,True,10,10,10,0,0,0,4,6,0,0,0
random_04,90,100.00000000000001,56,True,13,13,13,0,0,0,6,7,0,0,0
random_05,90,100.00000000000001,56,True,10,10,10,0,0,0,4,6,0,0,0
random_06,90,100.00000000000001,56,True,10,10,10,0,0,0,4,6,0,0,0
random_07,90,95.40294444999056,52,True,11,11,10,1,1,2,6,4,1,0,0
random_08,90,100.00000000000001,56,True,10,10,10,0,0,0,5,5,0,0,0
random_09,90,100.00000000000001,56,True,10,10,10,0,0,0,4,6,0,0,0
random_10,90,100.00000000000001,56,True,10,10,10,0,0,0,4,6,0,0,0
random_11,90,100.00000000000001,56,True,10,10,10,0,0,0,5,5,0,0,0
random_12,90,100.00000000000001,56,True,10,10,10,0,0,0,4,6,0,0,0
random_13,90,100.00000000000001,56,True,11,11,11,0,0,0,4,7,0,0,0
random_14,90,100.00000000000001,56,True,10,10,10,0,0,0,5,5,0,0,0
random_15,90,100.00000000000001,56,True,10,10,10,0,0,0,5,5,0,0,0
random_16,90,100.00000000000001,56,True,11,11,11,0,0,0,5,6,0,0,0
random_17,90,100.00000000000001,56,True,10,10,10,0,0,0,4,6,0,0,0
random_18,90,100.00000000000001,56,True,10,10,10,0,0,0,5,5,0,0,0
random_19,90,100.00000000000001,56,True,10,10,10,0,0,0,4,6,0,0,0
ascending,91,94.06508590339365,52,True,13,13,12,1,1,2,8,4,1,0,0
descending,91,94.08340320237411,52,True,12,12,11,1,1,2,9,2,1,0,0
random_00,91,94.08340320237411,52,True,12,12,11,1,1,2,8,3,1,0,0
random_01,91,94.08340320237411,52,True,12,12,11,1,1,2,8,3,1,0,0
random_02,91,98.12249295029221,53,True,13,13,13,0,0,0,6,7,0,0,0
random_03,91,94.06508590339365,52,True,13,13,12,1,1,2,9,3,1,0,0
random_04,91,94.06508590339365,52,True,13,13,12,1,1,2,9,3,1,0,0
random_05,91,94.08340320237411,52,True,12,12,11,1,1,2,8,3,1,0,0
random_06,91,94.08340320237411,52,True,12,12,11,1,1,2,7,4,1,0,0
random_07,91,94.06508590339365,52,True,13,13,12,1,1,2,9,3,1,0,0
random_08,91,94.08340320237411,52,True,12,12,11,1,1,2,8,3,1,0,0
random_09,91,98.19562701039165,54,True,12,12,12,0,0,0,7,5,0,0,0
random_10,91,94.08340320237411,52,True,12,12,11,1,1,2,8,3,1,0,0
random_11,91,94.06508590339365,52,True,13,13,12,1,1,2,8,4,1,0,0
random_12,91,94.06508590339365,52,True,13,13,12,1,1,2,9,3,1,0,0
random_13,91,94.06508590339365,52,True,13,13,12,1,1,2,10,2,1,0,0
random_14,91,94.06508590339365,52,True,13,13,12,1,1,2,9,3,1,0,0
random_15,91,94.06508590339365,52,True,13,13,12,1,1,2,9,3,1,0,0
random_16,91,94.08340320237411,52,True,12,12,11,1,1,2,6,5,1,0,0
random_17,91,94.08340320237411,52,True,12,12,11,1,1,2,8,3,1,0,0
random_18,91,94.06508590339365,52,True,13,13,12,1,1,2,8,4,1,0,0
random_19,91,94.06508590339365,52,True,13,13,12,1,1,2,8,4,1,0,0
ascending,92,91.50536555250656,46,True,9,9,5,4,4,5,1,4,4,0,0
descending,92,90.45398415207632,46,True,9,9,6,3,3,5,4,2,3,0,0
random_00,92,91.1429506603085,46,True,9,9,6,3,3,5,4,2,3,0,0
random_01,92,95.71237531671382,49,True,9,9,7,2,2,2,3,4,2,0,0
random_02,92,95.71237531671382,49,True,9,9,7,2,2,2,3,4,2,0,0
random_03,92,91.1429506603085,46,True,9,9,6,3,3,5,3,3,3,0,0
random_04,92,95.38383474486389,48,True,9,9,7,2,2,3,3,4,2,0,0
random_05,92,94.25188862428024,48,True,9,9,7,2,2,3,4,3,2,0,0
random_06,92,95.71237531671382,49,True,9,9,7,2,2,2,2,5,2,0,0
random_07,92,91.1429506603085,46,True,9,9,6,3,3,5,3,3,3,0,0
random_08,92,90.34388178824729,46,True,9,9,5,4,4,5,3,2,4,0,0
random_09,92,90.45398415207632,46,True,9,9,6,3,3,5,3,3,3,0,0
random_10,92,90.45398415207632,46,True,9,9,6,3,3,5,3,3,3,0,0
random_11,92,92.71309587836421,47,True,9,9,6,3,3,4,3,3,3,0,0
random_12,92,95.38383474486389,48,True,9,9,7,2,2,3,2,5,2,0,0
random_13,92,90.45398415207632,46,True,9,9,6,3,3,5,3,3,3,0,0
random_14,92,94.25188862428024,48,True,9,9,7,2,2,3,2,5,2,0,0
random_15,92,95.71237531671382,49,True,9,9,7,2,2,2,3,4,2,0,0
random_16,92,95.71237531671382,49,True,9,9,7,2,2,2,3,4,2,0,0
random_17,92,95.71237531671382,49,True,9,9,7,2,2,2,2,5,2,0,0
random_18,92,95.38383474486389,48,True,9,9,7,2,2,3,3,4,2,0,0
random_19,92,95.38383474486389,48,True,9,9,7,2,2,3,3,4,2,0,0
ascending,93,98.53009945536878,50,True,5,5,5,0,0,0,2,3,0,0,0
descending,93,98.53009945536878,50,True,6,6,6,0,0,0,3,3,0,0,0
random_00,93,98.53009945536878,50,True,6,6,6,0,0,0,3,3,0,0,0
random_01,93,98.53009945536878,50,True,6,6,6,0,0,0,3,3,0,0,0
random_02,93,98.53009945536878,50,True,6,6,6,0,0,0,3,3,0,0,0
random_03,93,98.53009945536878,50,True,6,6,6,0,0,0,3,3,0,0,0
random_04,93,98.53009945536878,50,True,6,6,6,0,0,0,3,3,0,0,0
random_05,93,98.53009945536878,50,True,6,6,6,0,0,0,3,3,0,0,0
random_06,93,98.53009945536878,50,True,5,5,5,0,0,0,2,3,0,0,0
random_07,93,98.53009945536878,50,True,6,6,6,0,0,0,3,3,0,0,0
random_08,93,98.53009945536878,50,True,5,5,5,0,0,0,2,3,0,0,0
random_09,93,98.53009945536878,50,True,6,6,6,0,0,0,3,3,0,0,0
random_10,93,98.53009945536878,50,True,5,5,5,0,0,0,2,3,0,0,0
random_11,93,98.53009945536878,50,True,6,6,6,0,0,0,3,3,0,0,0
random_12,93,98.53009945536878,50,True,5,5,5,0,0,0,2,3,0,0,0
random_13,93,98.53009945536878,50,True,5,5,5,0,0,0,2,3,0,0,0
random_14,93,98.53009945536878,50,True,5,5,5,0,0,0,2,3,0,0,0
random_15,93,98.53009945536878,50,True,6,6,6,0,0,0,3,3,0,0,0
random_16,93,98.53009945536878,50,True,5,5,5,0,0,0,2,3,0,0,0
random_17,93,98.53009945536878,50,True,5,5,5,0,0,0,2,3,0,0,0
random_18,93,98.53009945536878,50,True,6,6,6,0,0,0,3,3,0,0,0
random_19,93,98.53009945536878,50,True,5,5,5,0,0,0,2,3,0,0,0
ascending,94,91.04304926418682,45,True,10,10,7,3,2,6,5,2,3,0,0
descending,94,91.57832598276947,45,True,11,11,10,1,1,3,6,4,1,0,0
random_00,94,93.26892192978714,46,True,10,10,9,1,1,2,6,3,1,0,0
random_01,94,90.29158245994489,45,True,11,11,8,3,2,6,5,3,3,0,0
random_02,94,90.29158245994489,45,True,11,11,9,2,2,4,5,4,2,0,0
random_03,94,91.04304926418682,45,True,10,10,7,3,2,6,5,2,3,0,0
random_04,94,92.82185026998457,46,True,10,10,9,1,1,2,6,3,1,0,0
random_05,94,90.29158245994489,45,True,11,11,9,2,2,4,4,5,2,0,0
random_06,94,90.29158245994489,45,True,11,11,9,2,2,4,4,5,2,0,0
random_07,94,90.88192541219372,45,True,11,11,9,2,2,4,6,3,2,0,0
random_08,94,93.26892192978714,46,True,11,11,10,1,1,2,7,3,1,0,0
random_09,94,90.29158245994489,45,True,11,11,8,3,2,6,5,3,3,0,0
random_10,94,92.32979278701143,45,True,10,10,9,1,1,3,6,3,1,0,0
random_11,94,93.26892192978714,46,True,11,11,10,1,1,2,7,3,1,0,0
random_12,94,92.82185026998457,46,True,10,10,9,1,1,2,6,3,1,0,0
random_13,94,90.88192541219372,45,True,11,11,9,2,2,4,7,2,2,0,0
random_14,94,91.18632055663309,45,True,10,10,8,2,2,4,5,3,2,0,0
random_15,94,92.32979278701143,45,True,10,10,9,1,1,3,7,2,1,0,0
random_16,94,90.73865411974748,45,True,11,11,9,2,2,4,4,5,2,0,0
random_17,94,91.57832598276947,45,True,11,11,10,1,1,3,7,3,1,0,0
random_18,94,90.29158245994489,45,True,11,11,8,3,2,6,5,3,3,0,0
random_19,94,92.82185026998457,46,True,10,10,9,1,1,2,5,4,1,0,0
ascending,95,88.84677602747935,45,True,10,10,7,3,2,6,5,2,3,0,0
descending,95,88.30652210308591,44,True,10,10,7,3,3,5,5,2,3,0,0
random_00,95,88.30652210308591,44,True,10,10,7,3,3,5,5,2,3,0,0
random_01,95,91.48162845097742,47,True,10,10,7,3,2,4,4,3,3,0,0
random_02,95,88.59135270541063,45,True,10,10,8,2,2,4,5,3,2,0,0
random_03,95,85.67166967958781,42,True,11,11,7,4,3,8,6,1,4,0,0
random_04,95,88.59135270541063,45,True,11,11,9,2,2,4,6,3,2,0,0
random_05,95,91.48162845097742,47,True,10,10,8,2,2,3,5,3,2,0,0
random_06,95,88.30652210308591,44,True,10,10,7,3,3,5,6,1,3,0,0
random_07,95,88.84677602747935,45,True,10,10,7,3,2,6,5,2,3,0,0
random_08,95,85.67166967958781,42,True,11,11,7,4,3,8,6,1,4,0,0
random_09,95,85.41624635751911,42,True,11,11,8,3,3,6,6,2,3,0,0
random_10,95,88.30652210308591,44,True,10,10,7,3,3,5,6,1,3,0,0
random_11,95,91.48162845097742,47,True,10,10,7,3,2,4,3,4,3,0,0
random_12,95,88.30652210308591,44,True,10,10,6,4,3,6,4,2,4,0,0
random_13,95,88.30652210308591,44,True,10,10,7,3,3,5,6,1,3,0,0
random_14,95,88.30652210308591,44,True,10,10,6,4,3,6,5,1,4,0,0
random_15,95,91.48162845097742,47,True,10,10,8,2,2,3,5,3,2,0,0
random_16,95,85.67166967958781,42,True,10,10,6,4,3,8,6,0,4,0,0
random_17,95,88.30652210308591,44,True,10,10,6,4,3,6,4,2,4,0,0
random_18,95,91.48162845097742,47,True,10,10,7,3,2,4,3,4,3,0,0
random_19,95,91.48162845097742,47,True,10,10,7,3,2,4,4,3,3,0,0
ascending,96,96.03579463235303,51,True,9,9,8,1,1,2,6,2,1,0,0
descending,96,94.3269262802818,50,True,9,9,7,2,2,3,3,4,2,0,0
random_00,96,99.68850977689232,52,True,8,8,7,1,1,1,4,3,1,0,0
random_01,96,96.64077011121974,52,True,9,9,8,1,1,1,4,4,1,0,0
random_02,96,96.03579463235303,51,True,9,9,8,1,1,2,6,2,1,0,0
random_03,96,94.54915441500827,49,True,9,9,7,2,2,4,5,2,2,0,0
random_04,96,96.03579463235303,51,True,8,8,7,1,1,2,5,2,1,0,0
random_05,96,96.03579463235303,51,True,9,9,8,1,1,2,6,2,1,0,0
random_06,96,96.64077011121974,52,True,9,9,8,1,1,1,5,3,1,0,0
random_07,96,94.15857416251151,50,True,9,9,7,2,2,3,5,2,2,0,0
random_08,96,93.72195080141509,49,True,9,9,7,2,2,4,5,2,2,0,0
random_09,96,94.15857416251151,50,True,9,9,7,2,2,3,5,2,2,0,0
random_10,96,95.154129893875,50,True,9,9,7,2,2,3,4,3,2,0,0
random_11,96,96.64077011121974,52,True,8,8,7,1,1,1,4,3,1,0,0
random_12,96,96.03579463235303,51,True,8,8,7,1,1,2,5,2,1,0,0
random_13,96,99.68850977689232,52,True,8,8,7,1,1,1,5,2,1,0,0
random_14,96,95.154129893875,50,True,9,9,7,2,2,3,3,4,2,0,0
random_15,96,96.64077011121974,52,True,9,9,8,1,1,1,4,4,1,0,0
random_16,96,96.64077011121974,52,True,8,8,7,1,1,1,4,3,1,0,0
random_17,96,96.64077011121974,52,True,9,9,8,1,1,1,5,3,1,0,0
random_18,96,96.03579463235303,51,True,8,8,7,1,1,2,5,2,1,0,0
random_19,96,96.64077011121974,52,True,8,8,7,1,1,1,4,3,1,0,0
ascending,97,95.06910388939117,49,True,13,13,12,1,1,1,5,7,1,0,0
descending,97,94.25957071812697,46,True,13,13,11,2,2,3,6,5,2,0,0
random_00,97,95.06910388939117,49,True,13,13,12,1,1,1,5,7,1,0,0
random_01,97,94.25957071812697,46,True,13,13,11,2,2,3,4,7,2,0,0
random_02,97,93.31998095552896,46,True,13,13,11,2,2,3,6,5,2,0,0
random_03,97,93.99195128438332,47,True,13,13,11,2,2,3,5,6,2,0,0
random_04,97,95.06910388939117,49,True,13,13,12,1,1,1,6,6,1,0,0
random_05,97,94.25957071812697,46,True,13,13,11,2,2,3,7,4,2,0,0
random_06,97,93.31998095552896,46,True,13,13,11,2,2,3,4,7,2,0,0
random_07,97,93.99195128438332,47,True,12,12,10,2,2,3,6,4,2,0,0
random_08,97,95.06910388939117,49,True,12,12,11,1,1,1,6,5,1,0,0
random_09,97,93.99195128438332,47,True,12,12,10,2,2,3,6,4,2,0,0
random_10,97,93.05236152178533,47,True,12,12,10,2,2,3,5,5,2,0,0
random_11,97,93.8543837277496,47,True,14,14,12,2,2,3,9,3,2,0,0
random_12,97,94.25957071812697,46,True,14,14,12,2,2,3,6,6,2,0,0
random_13,97,93.31998095552896,46,True,14,14,12,2,2,3,5,7,2,0,0
random_14,97,93.05236152178533,47,True,13,13,11,2,2,3,7,4,2,0,0
random_15,97,93.99195128438332,47,True,13,13,11,2,2,3,6,5,2,0,0
random_16,97,93.99195128438332,47,True,13,13,11,2,2,3,6,5,2,0,0
random_17,97,93.8543837277496,47,True,13,13,11,2,2,3,7,4,2,0,0
random_18,97,93.31998095552896,46,True,14,14,12,2,2,3,6,6,2,0,0
random_19,97,93.05236152178533,47,True,13,13,11,2,2,3,5,6,2,0,0
ascending,98,96.32970770087118,48,True,12,12,11,1,1,2,8,3,1,0,0
descending,98,99.90387085377093,51,True,14,14,14,0,0,0,9,5,0,0,0
random_00,98,99.09857766273157,51,True,13,13,13,0,0,0,8,5,0,0,0
random_01,98,99.90387085377093,51,True,14,14,14,0,0,0,9,5,0,0,0
random_02,98,96.35512188558215,49,True,13,13,12,1,1,2,8,4,1,0,0
random_03,98,99.87845666905999,50,True,12,12,12,0,0,0,6,6,0,0,0
random_04,98,95.16828470630773,47,True,15,15,13,2,2,3,8,5,2,0,0
random_05,98,99.90387085377093,51,True,14,14,14,0,0,0,9,5,0,0,0
random_06,98,99.90387085377093,51,True,14,14,14,0,0,0,9,5,0,0,0
random_07,98,96.35512188558215,49,True,13,13,12,1,1,2,8,4,1,0,0
random_08,98,99.90387085377093,51,True,14,14,14,0,0,0,9,5,0,0,0
random_09,98,99.90387085377093,51,True,14,14,14,0,0,0,8,6,0,0,0
random_10,98,98.7170336744965,49,True,16,16,15,1,1,1,9,6,1,0,0
random_11,98,96.35512188558215,49,True,13,13,12,1,1,2,9,3,1,0,0
random_12,98,96.35512188558215,49,True,13,13,12,1,1,2,8,4,1,0,0
random_13,98,99.81810120139356,51,True,15,15,15,0,0,0,11,4,0,0,0
random_14,98,99.7926870166826,50,True,14,14,14,0,0,0,9,5,0,0,0
random_15,98,96.32970770087118,48,True,11,11,10,1,1,2,7,3,1,0,0
random_16,98,97.91174048345712,49,True,14,14,13,1,1,1,6,7,1,0,0
random_17,98,99.90387085377093,51,True,14,14,14,0,0,0,9,5,0,0,0
random_18,98,96.32970770087118,48,True,11,11,10,1,1,2,7,3,1,0,0
random_19,98,98.98739382564322,50,True,13,13,13,0,0,0,7,6,0,0,0
ascending,99,97.22520764937492,51,True,9,9,8,1,1,2,4,4,1,0,0
descending,99,99.73052347292439,53,True,10,10,10,0,0,0,4,6,0,0,0
random_00,99,97.22520764937492,51,True,9,9,8,1,1,2,4,4,1,0,0
random_01,99,99.73052347292439,53,True,11,11,11,0,0,0,4,7,0,0,0
random_02,99,99.73052347292439,53,True,10,10,10,0,0,0,5,5,0,0,0
random_03,99,97.22520764937492,51,True,9,9,8,1,1,2,4,4,1,0,0
random_04,99,99.73052347292439,53,True,10,10,10,0,0,0,4,6,0,0,0
random_05,99,99.73052347292439,53,True,10,10,10,0,0,0,4,6,0,0,0
random_06,99,97.22520764937492,51,True,10,10,9,1,1,2,4,5,1,0,0
random_07,99,97.22520764937492,51,True,9,9,8,1,1,2,4,4,1,0,0
random_08,99,99.73052347292439,53,True,10,10,10,0,0,0,4,6,0,0,0
random_09,99,99.73052347292439,53,True,10,10,10,0,0,0,5,5,0,0,0
random_10,99,99.73052347292439,53,True,10,10,10,0,0,0,4,6,0,0,0
random_11,99,99.73052347292439,53,True,11,11,11,0,0,0,5,6,0,0,0
random_12,99,99.73052347292439,53,True,11,11,11,0,0,0,4,7,0,0,0
random_13,99,99.73052347292439,53,True,11,11,11,0,0,0,4,7,0,0,0
random_14,99,97.22520764937492,51,True,9,9,8,1,1,2,4,4,1,0,0
random_15,99,97.22520764937492,51,True,9,9,8,1,1,2,4,4,1,0,0
random_16,99,97.22520764937492,51,True,10,10,9,1,1,2,4,5,1,0,0
random_17,99,97.22520764937492,51,True,10,10,9,1,1,2,4,5,1,0,0
random_18,99,97.22520764937492,51,True,10,10,9,1,1,2,4,5,1,0,0
random_19,99,99.73052347292439,53,True,10,10,10,0,0,0,5,5,0,0,0
